Week,Day,Hour,Wifi_Usage_MB,Period_Type
1,Mon,0,293.06,Normal
1,Mon,1,263.18,Normal
1,Mon,2,363.01,Normal
1,Mon,3,347.57,Normal
1,Mon,4,296.51,Normal
1,Mon,5,310.85,Normal
1,Mon,6,340.69,Normal
1,Mon,7,820.23,Normal
1,Mon,8,623.02,Normal
1,Mon,9,695.48,Normal
1,Mon,10,814.53,Normal
1,Mon,11,874.7,Normal
1,Mon,12,1034.87,Normal
1,Mon,13,991.67,Normal
1,Mon,14,942.36,Normal
1,Mon,15,874.02,Normal
1,Mon,16,884.1,Normal
1,Mon,17,917.02,Normal
1,Mon,18,1184.87,Normal
1,Mon,19,1240.56,Normal
1,Mon,20,1277.46,Normal
1,Mon,21,1597.45,Normal
1,Mon,22,1376.1,Normal
1,Mon,23,1358.14,Normal
1,Tue,0,384.71,Normal
1,Tue,1,300.67,Normal
1,Tue,2,315.07,Normal
1,Tue,3,333.34,Normal
1,Tue,4,271.89,Normal
1,Tue,5,327.68,Normal
1,Tue,6,245.17,Normal
1,Tue,7,824.78,Normal
1,Tue,8,696.58,Normal
1,Tue,9,590.6,Normal
1,Tue,10,663.38,Normal
1,Tue,11,1040.2,Normal
1,Tue,12,942.96,Normal
1,Tue,13,817.11,Normal
1,Tue,14,1055.45,Normal
1,Tue,15,816.84,Normal
1,Tue,16,902.2,Normal
1,Tue,17,828.14,Normal
1,Tue,18,1175.44,Normal
1,Tue,19,1261.73,Normal
1,Tue,20,1717.03,Normal
1,Tue,21,1206.91,Normal
1,Tue,22,1129.62,Normal
1,Tue,23,1242.09,Normal
1,Wed,0,353.06,Normal
1,Wed,1,305.81,Normal
1,Wed,2,300.92,Normal
1,Wed,3,291.24,Normal
1,Wed,4,338.19,Normal
1,Wed,5,333.56,Normal
1,Wed,6,345.81,Normal
1,Wed,7,640.2,Normal
1,Wed,8,733.03,Normal
1,Wed,9,668.87,Normal
1,Wed,10,806.33,Normal
1,Wed,11,917.45,Normal
1,Wed,12,1003.65,Normal
1,Wed,13,814.94,Normal
1,Wed,14,856.51,Normal
1,Wed,15,758.13,Normal
1,Wed,16,818.44,Normal
1,Wed,17,954.02,Normal
1,Wed,18,1166.07,Normal
1,Wed,19,1275.76,Normal
1,Wed,20,1210.87,Normal
1,Wed,21,1192.85,Normal
1,Wed,22,1108.14,Normal
1,Wed,23,1278.42,Normal
1,Thu,0,351.07,Normal
1,Thu,1,283.45,Normal
1,Thu,2,319.09,Normal
1,Thu,3,313.1,Normal
1,Thu,4,308.88,Normal
1,Thu,5,277.49,Normal
1,Thu,6,281.56,Normal
1,Thu,7,828.59,Normal
1,Thu,8,640.44,Normal
1,Thu,9,693.37,Normal
1,Thu,10,809.08,Normal
1,Thu,11,985.91,Normal
1,Thu,12,937.14,Normal
1,Thu,13,706.31,Normal
1,Thu,14,959.43,Normal
1,Thu,15,1011.25,Normal
1,Thu,16,922.01,Normal
1,Thu,17,1031.3,Normal
1,Thu,18,1407.99,Normal
1,Thu,19,1206.09,Normal
1,Thu,20,1309.97,Normal
1,Thu,21,1175.45,Normal
1,Thu,22,1184.15,Normal
1,Thu,23,1423.48,Normal
1,Fri,0,257.79,Normal
1,Fri,1,331.49,Normal
1,Fri,2,285.91,Normal
1,Fri,3,345.79,Normal
1,Fri,4,319.46,Normal
1,Fri,5,310.4,Normal
1,Fri,6,330.81,Normal
1,Fri,7,691.88,Normal
1,Fri,8,711.04,Normal
1,Fri,9,657.17,Normal
1,Fri,10,789.65,Normal
1,Fri,11,1011.07,Normal
1,Fri,12,857.39,Normal
1,Fri,13,928.1,Normal
1,Fri,14,986.74,Normal
1,Fri,15,865.76,Normal
1,Fri,16,873.5,Normal
1,Fri,17,827.47,Normal
1,Fri,18,1501.44,Normal
1,Fri,19,1361.5,Normal
1,Fri,20,1401.03,Normal
1,Fri,21,1307.63,Normal
1,Fri,22,1284.3,Normal
1,Fri,23,1057.01,Normal
1,Sat,0,479.22,Normal
1,Sat,1,648.66,Normal
1,Sat,2,411.37,Normal
1,Sat,3,542.09,Normal
1,Sat,4,436.85,Normal
1,Sat,5,568.75,Normal
1,Sat,6,447.77,Normal
1,Sat,7,701.59,Normal
1,Sat,8,934.47,Normal
1,Sat,9,736.87,Normal
1,Sat,10,862.37,Normal
1,Sat,11,945.58,Normal
1,Sat,12,967.59,Normal
1,Sat,13,880.02,Normal
1,Sat,14,1229.3,Normal
1,Sat,15,1109,Normal
1,Sat,16,895.97,Normal
1,Sat,17,954.75,Normal
1,Sat,18,1524.31,Normal
1,Sat,19,1372.55,Normal
1,Sat,20,1869.37,Normal
1,Sat,21,1547.19,Normal
1,Sat,22,1409.88,Normal
1,Sat,23,1633.26,Normal
1,Sun,0,502.38,Normal
1,Sun,1,532.19,Normal
1,Sun,2,519.09,Normal
1,Sun,3,446.88,Normal
1,Sun,4,539.84,Normal
1,Sun,5,425.73,Normal
1,Sun,6,463.23,Normal
1,Sun,7,847.75,Normal
1,Sun,8,758.76,Normal
1,Sun,9,913.19,Normal
1,Sun,10,813.67,Normal
1,Sun,11,982.32,Normal
1,Sun,12,820.95,Normal
1,Sun,13,1220.95,Normal
1,Sun,14,866.78,Normal
1,Sun,15,988.28,Normal
1,Sun,16,1075.93,Normal
1,Sun,17,1023.93,Normal
1,Sun,18,1493.4,Normal
1,Sun,19,1163.89,Normal
1,Sun,20,1162.1,Normal
1,Sun,21,1541.23,Normal
1,Sun,22,1435.91,Normal
1,Sun,23,1639.3,Normal
2,Mon,0,299.13,Normal
2,Mon,1,269.03,Normal
2,Mon,2,312.47,Normal
2,Mon,3,339.11,Normal
2,Mon,4,295.61,Normal
2,Mon,5,269.48,Normal
2,Mon,6,340.24,Normal
2,Mon,7,871.62,Normal
2,Mon,8,619.17,Normal
2,Mon,9,675.42,Normal
2,Mon,10,806.29,Normal
2,Mon,11,926.01,Normal
2,Mon,12,995.64,Normal
2,Mon,13,1009.3,Normal
2,Mon,14,926.29,Normal
2,Mon,15,984.18,Normal
2,Mon,16,849.43,Normal
2,Mon,17,889.97,Normal
2,Mon,18,1063.61,Normal
2,Mon,19,1320.47,Normal
2,Mon,20,1280.37,Normal
2,Mon,21,1559.19,Normal
2,Mon,22,1256.74,Normal
2,Mon,23,1396.24,Normal
2,Tue,0,325.27,Normal
2,Tue,1,314.46,Normal
2,Tue,2,297.1,Normal
2,Tue,3,346,Normal
2,Tue,4,285.18,Normal
2,Tue,5,288.85,Normal
2,Tue,6,229.96,Normal
2,Tue,7,807.87,Normal
2,Tue,8,586.32,Normal
2,Tue,9,520.74,Normal
2,Tue,10,662.26,Normal
2,Tue,11,947.12,Normal
2,Tue,12,882.5,Normal
2,Tue,13,952.16,Normal
2,Tue,14,1051.76,Normal
2,Tue,15,858.48,Normal
2,Tue,16,901.53,Normal
2,Tue,17,779.01,Normal
2,Tue,18,1209.68,Normal
2,Tue,19,1208.21,Normal
2,Tue,20,1508.92,Normal
2,Tue,21,1356.83,Normal
2,Tue,22,1143.81,Normal
2,Tue,23,1312.13,Normal
2,Wed,0,361.2,Normal
2,Wed,1,302.73,Normal
2,Wed,2,294.08,Normal
2,Wed,3,267.57,Normal
2,Wed,4,316.52,Normal
2,Wed,5,352.58,Normal
2,Wed,6,326.91,Normal
2,Wed,7,620.87,Normal
2,Wed,8,764.38,Normal
2,Wed,9,721.45,Normal
2,Wed,10,780.11,Normal
2,Wed,11,861.76,Normal
2,Wed,12,955.59,Normal
2,Wed,13,945.88,Normal
2,Wed,14,861.95,Normal
2,Wed,15,876.17,Normal
2,Wed,16,927.79,Normal
2,Wed,17,923.74,Normal
2,Wed,18,1355.62,Normal
2,Wed,19,1391.66,Normal
2,Wed,20,1211.57,Normal
2,Wed,21,1156.98,Normal
2,Wed,22,1071.23,Normal
2,Wed,23,1308.83,Normal
2,Thu,0,332.64,Normal
2,Thu,1,311.93,Normal
2,Thu,2,351.97,Normal
2,Thu,3,330.21,Normal
2,Thu,4,294.72,Normal
2,Thu,5,298.3,Normal
2,Thu,6,253.91,Normal
2,Thu,7,813.83,Normal
2,Thu,8,712.25,Normal
2,Thu,9,684.76,Normal
2,Thu,10,802.71,Normal
2,Thu,11,1018.24,Normal
2,Thu,12,873.48,Normal
2,Thu,13,774.92,Normal
2,Thu,14,922.79,Normal
2,Thu,15,903.72,Normal
2,Thu,16,804.87,Normal
2,Thu,17,910.64,Normal
2,Thu,18,1384.73,Normal
2,Thu,19,1070.24,Normal
2,Thu,20,1387.95,Normal
2,Thu,21,1178.37,Normal
2,Thu,22,1197.81,Normal
2,Thu,23,1314.4,Normal
2,Fri,0,253.39,Normal
2,Fri,1,299.63,Normal
2,Fri,2,263.47,Normal
2,Fri,3,334.76,Normal
2,Fri,4,291.9,Normal
2,Fri,5,301.05,Normal
2,Fri,6,337.91,Normal
2,Fri,7,731.4,Normal
2,Fri,8,665.62,Normal
2,Fri,9,718.04,Normal
2,Fri,10,779.37,Normal
2,Fri,11,1012.4,Normal
2,Fri,12,989.59,Normal
2,Fri,13,1037.95,Normal
2,Fri,14,1059.64,Normal
2,Fri,15,779.53,Normal
2,Fri,16,790.75,Normal
2,Fri,17,867.22,Normal
2,Fri,18,1454.49,Normal
2,Fri,19,1130.32,Normal
2,Fri,20,1287.78,Normal
2,Fri,21,1258.76,Normal
2,Fri,22,1193.55,Normal
2,Fri,23,1046.87,Normal
2,Sat,0,507.45,Normal
2,Sat,1,652.01,Normal
2,Sat,2,453.56,Normal
2,Sat,3,495.8,Normal
2,Sat,4,430.89,Normal
2,Sat,5,571.26,Normal
2,Sat,6,459.3,Normal
2,Sat,7,694.17,Normal
2,Sat,8,883.85,Normal
2,Sat,9,739.72,Normal
2,Sat,10,802.05,Normal
2,Sat,11,950.23,Normal
2,Sat,12,984.35,Normal
2,Sat,13,933.67,Normal
2,Sat,14,1154.71,Normal
2,Sat,15,1121.96,Normal
2,Sat,16,901.97,Normal
2,Sat,17,852.07,Normal
2,Sat,18,1458.05,Normal
2,Sat,19,1537.38,Normal
2,Sat,20,1848.24,Normal
2,Sat,21,1428.71,Normal
2,Sat,22,1353.81,Normal
2,Sat,23,1861.14,Normal
2,Sun,0,434.07,Normal
2,Sun,1,523.36,Normal
2,Sun,2,568.03,Normal
2,Sun,3,520.66,Normal
2,Sun,4,476.4,Normal
2,Sun,5,428.91,Normal
2,Sun,6,520.31,Normal
2,Sun,7,794.1,Normal
2,Sun,8,794.93,Normal
2,Sun,9,1010.39,Normal
2,Sun,10,777.42,Normal
2,Sun,11,947.4,Normal
2,Sun,12,828.78,Normal
2,Sun,13,1094.44,Normal
2,Sun,14,1007.89,Normal
2,Sun,15,1033.22,Normal
2,Sun,16,1109.61,Normal
2,Sun,17,1051.72,Normal
2,Sun,18,1507.19,Normal
2,Sun,19,1334.19,Normal
2,Sun,20,1067.81,Normal
2,Sun,21,1806.21,Normal
2,Sun,22,1477.78,Normal
2,Sun,23,1781.83,Normal
3,Mon,0,293.73,Normal
3,Mon,1,279.77,Normal
3,Mon,2,324.36,Normal
3,Mon,3,332.74,Normal
3,Mon,4,322.7,Normal
3,Mon,5,301.73,Normal
3,Mon,6,304.55,Normal
3,Mon,7,754.27,Normal
3,Mon,8,652.71,Normal
3,Mon,9,749.66,Normal
3,Mon,10,805.19,Normal
3,Mon,11,975.69,Normal
3,Mon,12,1068.57,Normal
3,Mon,13,923.06,Normal
3,Mon,14,1087.39,Normal
3,Mon,15,1007.71,Normal
3,Mon,16,950.47,Normal
3,Mon,17,911.94,Normal
3,Mon,18,1181.5,Normal
3,Mon,19,1471.25,Normal
3,Mon,20,1146.07,Normal
3,Mon,21,1461.58,Normal
3,Mon,22,1163.99,Normal
3,Mon,23,1304.95,Normal
3,Tue,0,360.71,Normal
3,Tue,1,343.14,Normal
3,Tue,2,279.88,Normal
3,Tue,3,360.46,Normal
3,Tue,4,260.34,Normal
3,Tue,5,288.19,Normal
3,Tue,6,249.67,Normal
3,Tue,7,795.64,Normal
3,Tue,8,613.24,Normal
3,Tue,9,581.57,Normal
3,Tue,10,608.54,Normal
3,Tue,11,963.77,Normal
3,Tue,12,898.86,Normal
3,Tue,13,844.75,Normal
3,Tue,14,961.05,Normal
3,Tue,15,900.31,Normal
3,Tue,16,809.17,Normal
3,Tue,17,789.16,Normal
3,Tue,18,1230.66,Normal
3,Tue,19,1136.87,Normal
3,Tue,20,1524.03,Normal
3,Tue,21,1310.03,Normal
3,Tue,22,1120.15,Normal
3,Tue,23,1355.96,Normal
3,Wed,0,337.12,Normal
3,Wed,1,312.41,Normal
3,Wed,2,272.67,Normal
3,Wed,3,286.48,Normal
3,Wed,4,340.92,Normal
3,Wed,5,332.88,Normal
3,Wed,6,323.63,Normal
3,Wed,7,685.52,Normal
3,Wed,8,686.27,Normal
3,Wed,9,627.76,Normal
3,Wed,10,755.84,Normal
3,Wed,11,930.99,Normal
3,Wed,12,957.03,Normal
3,Wed,13,943.16,Normal
3,Wed,14,833.94,Normal
3,Wed,15,802.72,Normal
3,Wed,16,863.9,Normal
3,Wed,17,905.58,Normal
3,Wed,18,1353.16,Normal
3,Wed,19,1484.11,Normal
3,Wed,20,1205.49,Normal
3,Wed,21,1118.02,Normal
3,Wed,22,1156.35,Normal
3,Wed,23,1128.82,Normal
3,Thu,0,332.52,Normal
3,Thu,1,291.2,Normal
3,Thu,2,318.76,Normal
3,Thu,3,302.93,Normal
3,Thu,4,292.59,Normal
3,Thu,5,289.01,Normal
3,Thu,6,300.43,Normal
3,Thu,7,726.56,Normal
3,Thu,8,680.61,Normal
3,Thu,9,765.6,Normal
3,Thu,10,801.56,Normal
3,Thu,11,899.73,Normal
3,Thu,12,973.74,Normal
3,Thu,13,768.33,Normal
3,Thu,14,868.73,Normal
3,Thu,15,888.07,Normal
3,Thu,16,842.82,Normal
3,Thu,17,968.21,Normal
3,Thu,18,1211.69,Normal
3,Thu,19,1230.21,Normal
3,Thu,20,1480.01,Normal
3,Thu,21,1146.42,Normal
3,Thu,22,1101.69,Normal
3,Thu,23,1374.19,Normal
3,Fri,0,256.95,Normal
3,Fri,1,315.52,Normal
3,Fri,2,276.17,Normal
3,Fri,3,318.03,Normal
3,Fri,4,292.7,Normal
3,Fri,5,337.68,Normal
3,Fri,6,294.63,Normal
3,Fri,7,758.11,Normal
3,Fri,8,716.98,Normal
3,Fri,9,670.55,Normal
3,Fri,10,766.04,Normal
3,Fri,11,943.41,Normal
3,Fri,12,968.28,Normal
3,Fri,13,958.79,Normal
3,Fri,14,987.89,Normal
3,Fri,15,748.28,Normal
3,Fri,16,734.85,Normal
3,Fri,17,949.57,Normal
3,Fri,18,1279.52,Normal
3,Fri,19,1314.09,Normal
3,Fri,20,1314,Normal
3,Fri,21,1267.78,Normal
3,Fri,22,1393.42,Normal
3,Fri,23,1242.82,Normal
3,Sat,0,535.7,Normal
3,Sat,1,659.72,Normal
3,Sat,2,499.7,Normal
3,Sat,3,464.47,Normal
3,Sat,4,507.87,Normal
3,Sat,5,547.64,Normal
3,Sat,6,398.82,Normal
3,Sat,7,647.56,Normal
3,Sat,8,976.13,Normal
3,Sat,9,679.39,Normal
3,Sat,10,817.03,Normal
3,Sat,11,852.34,Normal
3,Sat,12,1039.43,Normal
3,Sat,13,964.08,Normal
3,Sat,14,1129.75,Normal
3,Sat,15,941.67,Normal
3,Sat,16,1041.52,Normal
3,Sat,17,807.41,Normal
3,Sat,18,1425.96,Normal
3,Sat,19,1549.41,Normal
3,Sat,20,1795.6,Normal
3,Sat,21,1402.73,Normal
3,Sat,22,1582.48,Normal
3,Sat,23,1623.5,Normal
3,Sun,0,423.72,Normal
3,Sun,1,496.28,Normal
3,Sun,2,513.02,Normal
3,Sun,3,522.01,Normal
3,Sun,4,486.74,Normal
3,Sun,5,507.15,Normal
3,Sun,6,457.08,Normal
3,Sun,7,864.38,Normal
3,Sun,8,717.08,Normal
3,Sun,9,881.14,Normal
3,Sun,10,801.58,Normal
3,Sun,11,1053.69,Normal
3,Sun,12,830.1,Normal
3,Sun,13,1042.95,Normal
3,Sun,14,855.98,Normal
3,Sun,15,1022.04,Normal
3,Sun,16,1025.25,Normal
3,Sun,17,1032.89,Normal
3,Sun,18,1336.91,Normal
3,Sun,19,1195.28,Normal
3,Sun,20,1125.02,Normal
3,Sun,21,1568.55,Normal
3,Sun,22,1353.47,Normal
3,Sun,23,1599.68,Normal
4,Mon,0,306.76,Normal
4,Mon,1,278.33,Normal
4,Mon,2,322.29,Normal
4,Mon,3,364.95,Normal
4,Mon,4,300.24,Normal
4,Mon,5,283.77,Normal
4,Mon,6,314.35,Normal
4,Mon,7,834.83,Normal
4,Mon,8,599.77,Normal
4,Mon,9,684.21,Normal
4,Mon,10,806.6,Normal
4,Mon,11,935.21,Normal
4,Mon,12,955.55,Normal
4,Mon,13,1010.6,Normal
4,Mon,14,1076.49,Normal
4,Mon,15,971.38,Normal
4,Mon,16,822.94,Normal
4,Mon,17,899.17,Normal
4,Mon,18,1097.89,Normal
4,Mon,19,1472.89,Normal
4,Mon,20,1194.82,Normal
4,Mon,21,1549.67,Normal
4,Mon,22,1329.56,Normal
4,Mon,23,1438.74,Normal
4,Tue,0,357.33,Normal
4,Tue,1,336.42,Normal
4,Tue,2,314.72,Normal
4,Tue,3,357.44,Normal
4,Tue,4,295.87,Normal
4,Tue,5,327.9,Normal
4,Tue,6,250.42,Normal
4,Tue,7,802.73,Normal
4,Tue,8,699.13,Normal
4,Tue,9,514.46,Normal
4,Tue,10,611.75,Normal
4,Tue,11,942.07,Normal
4,Tue,12,817.89,Normal
4,Tue,13,849.5,Normal
4,Tue,14,1098.81,Normal
4,Tue,15,861.88,Normal
4,Tue,16,823.88,Normal
4,Tue,17,826.5,Normal
4,Tue,18,1200.43,Normal
4,Tue,19,1072.53,Normal
4,Tue,20,1723.49,Normal
4,Tue,21,1364.84,Normal
4,Tue,22,1140.55,Normal
4,Tue,23,1246.47,Normal
4,Wed,0,328.13,Normal
4,Wed,1,312.19,Normal
4,Wed,2,324.37,Normal
4,Wed,3,283.01,Normal
4,Wed,4,344.5,Normal
4,Wed,5,351.17,Normal
4,Wed,6,337.82,Normal
4,Wed,7,653.85,Normal
4,Wed,8,783.56,Normal
4,Wed,9,676.45,Normal
4,Wed,10,704.94,Normal
4,Wed,11,903.05,Normal
4,Wed,12,932.92,Normal
4,Wed,13,880.03,Normal
4,Wed,14,854.45,Normal
4,Wed,15,739.47,Normal
4,Wed,16,791.07,Normal
4,Wed,17,936.81,Normal
4,Wed,18,1249.18,Normal
4,Wed,19,1283.12,Normal
4,Wed,20,1221.78,Normal
4,Wed,21,1154.23,Normal
4,Wed,22,1160.15,Normal
4,Wed,23,1217.27,Normal
4,Thu,0,328.92,Normal
4,Thu,1,283.35,Normal
4,Thu,2,359.92,Normal
4,Thu,3,296.44,Normal
4,Thu,4,303.29,Normal
4,Thu,5,285.95,Normal
4,Thu,6,305.14,Normal
4,Thu,7,813.85,Normal
4,Thu,8,682.2,Normal
4,Thu,9,687.75,Normal
4,Thu,10,808.58,Normal
4,Thu,11,1010.97,Normal
4,Thu,12,987.86,Normal
4,Thu,13,800.81,Normal
4,Thu,14,874.13,Normal
4,Thu,15,926.79,Normal
4,Thu,16,836.25,Normal
4,Thu,17,929.05,Normal
4,Thu,18,1294.62,Normal
4,Thu,19,1035.26,Normal
4,Thu,20,1303.95,Normal
4,Thu,21,1293.95,Normal
4,Thu,22,1335.15,Normal
4,Thu,23,1169.1,Normal
4,Fri,0,282.41,Normal
4,Fri,1,328.38,Normal
4,Fri,2,295.23,Normal
4,Fri,3,347.28,Normal
4,Fri,4,313.47,Normal
4,Fri,5,349.58,Normal
4,Fri,6,302.71,Normal
4,Fri,7,660.9,Normal
4,Fri,8,756.54,Normal
4,Fri,9,678.4,Normal
4,Fri,10,885.85,Normal
4,Fri,11,881.83,Normal
4,Fri,12,978.85,Normal
4,Fri,13,1011.26,Normal
4,Fri,14,967.52,Normal
4,Fri,15,745.96,Normal
4,Fri,16,875.05,Normal
4,Fri,17,980.29,Normal
4,Fri,18,1296.21,Normal
4,Fri,19,1210.25,Normal
4,Fri,20,1245.99,Normal
4,Fri,21,1379.28,Normal
4,Fri,22,1174.44,Normal
4,Fri,23,1254.43,Normal
4,Sat,0,467.6,Normal
4,Sat,1,620.17,Normal
4,Sat,2,429.16,Normal
4,Sat,3,471.71,Normal
4,Sat,4,440.48,Normal
4,Sat,5,589.97,Normal
4,Sat,6,429.81,Normal
4,Sat,7,657.83,Normal
4,Sat,8,978.56,Normal
4,Sat,9,652.41,Normal
4,Sat,10,870.14,Normal
4,Sat,11,938.26,Normal
4,Sat,12,933.42,Normal
4,Sat,13,995.68,Normal
4,Sat,14,1323.51,Normal
4,Sat,15,1063.63,Normal
4,Sat,16,986.49,Normal
4,Sat,17,917.73,Normal
4,Sat,18,1492.52,Normal
4,Sat,19,1387.71,Normal
4,Sat,20,1657.51,Normal
4,Sat,21,1682.57,Normal
4,Sat,22,1492.15,Normal
4,Sat,23,1871.25,Normal
4,Sun,0,447.24,Normal
4,Sun,1,503.34,Normal
4,Sun,2,498.44,Normal
4,Sun,3,484.28,Normal
4,Sun,4,465.91,Normal
4,Sun,5,472.86,Normal
4,Sun,6,460.37,Normal
4,Sun,7,797.67,Normal
4,Sun,8,811.92,Normal
4,Sun,9,989.96,Normal
4,Sun,10,753.59,Normal
4,Sun,11,1064.06,Normal
4,Sun,12,923.49,Normal
4,Sun,13,1178.82,Normal
4,Sun,14,957.21,Normal
4,Sun,15,1008.12,Normal
4,Sun,16,972.03,Normal
4,Sun,17,994.02,Normal
4,Sun,18,1525.92,Normal
4,Sun,19,1272.08,Normal
4,Sun,20,954.56,Normal
4,Sun,21,1617.56,Normal
4,Sun,22,1499.59,Normal
4,Sun,23,1777.57,Normal
5,Mon,0,297.93,Normal
5,Mon,1,309.46,Normal
5,Mon,2,324.89,Normal
5,Mon,3,343.53,Normal
5,Mon,4,282.74,Normal
5,Mon,5,301.25,Normal
5,Mon,6,332.44,Normal
5,Mon,7,848.14,Normal
5,Mon,8,635.99,Normal
5,Mon,9,686.34,Normal
5,Mon,10,823.62,Normal
5,Mon,11,846.39,Normal
5,Mon,12,939.21,Normal
5,Mon,13,974.17,Normal
5,Mon,14,1059.72,Normal
5,Mon,15,1041.08,Normal
5,Mon,16,954.09,Normal
5,Mon,17,1012.14,Normal
5,Mon,18,1056.81,Normal
5,Mon,19,1399.42,Normal
5,Mon,20,1130.46,Normal
5,Mon,21,1354.97,Normal
5,Mon,22,1181.51,Normal
5,Mon,23,1212.66,Normal
5,Tue,0,376.36,Normal
5,Tue,1,311.71,Normal
5,Tue,2,265.81,Normal
5,Tue,3,352.05,Normal
5,Tue,4,280.42,Normal
5,Tue,5,277.08,Normal
5,Tue,6,260.55,Normal
5,Tue,7,834.88,Normal
5,Tue,8,609.24,Normal
5,Tue,9,612.41,Normal
5,Tue,10,665.35,Normal
5,Tue,11,1009.28,Normal
5,Tue,12,878.68,Normal
5,Tue,13,908.67,Normal
5,Tue,14,1012.77,Normal
5,Tue,15,864.11,Normal
5,Tue,16,858.84,Normal
5,Tue,17,859.62,Normal
5,Tue,18,1300.45,Normal
5,Tue,19,1137.76,Normal
5,Tue,20,1741.38,Normal
5,Tue,21,1251.76,Normal
5,Tue,22,1241.03,Normal
5,Tue,23,1234.37,Normal
5,Wed,0,346.54,Normal
5,Wed,1,312.23,Normal
5,Wed,2,309.54,Normal
5,Wed,3,314.48,Normal
5,Wed,4,344.23,Normal
5,Wed,5,315.71,Normal
5,Wed,6,311.93,Normal
5,Wed,7,668.34,Normal
5,Wed,8,720.13,Normal
5,Wed,9,660.6,Normal
5,Wed,10,729.62,Normal
5,Wed,11,813.46,Normal
5,Wed,12,1066.23,Normal
5,Wed,13,941.61,Normal
5,Wed,14,778.71,Normal
5,Wed,15,769.39,Normal
5,Wed,16,917.09,Normal
5,Wed,17,910.23,Normal
5,Wed,18,1337.86,Normal
5,Wed,19,1400.26,Normal
5,Wed,20,1111.6,Normal
5,Wed,21,1250.51,Normal
5,Wed,22,1196.58,Normal
5,Wed,23,1300.86,Normal
5,Thu,0,308.06,Normal
5,Thu,1,304.54,Normal
5,Thu,2,337.26,Normal
5,Thu,3,306.15,Normal
5,Thu,4,296.59,Normal
5,Thu,5,285.76,Normal
5,Thu,6,303.1,Normal
5,Thu,7,777.4,Normal
5,Thu,8,673.78,Normal
5,Thu,9,662.74,Normal
5,Thu,10,812.96,Normal
5,Thu,11,978.09,Normal
5,Thu,12,1033,Normal
5,Thu,13,803.29,Normal
5,Thu,14,877.75,Normal
5,Thu,15,900.87,Normal
5,Thu,16,849.81,Normal
5,Thu,17,899.67,Normal
5,Thu,18,1181.86,Normal
5,Thu,19,1068.64,Normal
5,Thu,20,1511.89,Normal
5,Thu,21,1258.71,Normal
5,Thu,22,1170.41,Normal
5,Thu,23,1207.28,Normal
5,Fri,0,257.47,Normal
5,Fri,1,330.12,Normal
5,Fri,2,291.7,Normal
5,Fri,3,355.07,Normal
5,Fri,4,287.56,Normal
5,Fri,5,307.73,Normal
5,Fri,6,320.39,Normal
5,Fri,7,754.33,Normal
5,Fri,8,748.58,Normal
5,Fri,9,655.51,Normal
5,Fri,10,733.28,Normal
5,Fri,11,894.05,Normal
5,Fri,12,930.7,Normal
5,Fri,13,1075.26,Normal
5,Fri,14,953.43,Normal
5,Fri,15,839.69,Normal
5,Fri,16,772.92,Normal
5,Fri,17,859.48,Normal
5,Fri,18,1365.34,Normal
5,Fri,19,1288.89,Normal
5,Fri,20,1204.73,Normal
5,Fri,21,1426.82,Normal
5,Fri,22,1279.99,Normal
5,Fri,23,1034.9,Normal
5,Sat,0,498.98,Normal
5,Sat,1,583.95,Normal
5,Sat,2,412.16,Normal
5,Sat,3,530.86,Normal
5,Sat,4,432.04,Normal
5,Sat,5,543.01,Normal
5,Sat,6,428.68,Normal
5,Sat,7,732.62,Normal
5,Sat,8,982.32,Normal
5,Sat,9,683.68,Normal
5,Sat,10,777.72,Normal
5,Sat,11,873.17,Normal
5,Sat,12,1062.8,Normal
5,Sat,13,894.36,Normal
5,Sat,14,1193.14,Normal
5,Sat,15,935.61,Normal
5,Sat,16,910.06,Normal
5,Sat,17,879.06,Normal
5,Sat,18,1488.34,Normal
5,Sat,19,1526.3,Normal
5,Sat,20,1869.39,Normal
5,Sat,21,1662.27,Normal
5,Sat,22,1455.83,Normal
5,Sat,23,1605.85,Normal
5,Sun,0,460.39,Normal
5,Sun,1,556.99,Normal
5,Sun,2,515.19,Normal
5,Sun,3,477.07,Normal
5,Sun,4,464.48,Normal
5,Sun,5,424.33,Normal
5,Sun,6,523.03,Normal
5,Sun,7,799.45,Normal
5,Sun,8,706.33,Normal
5,Sun,9,996.03,Normal
5,Sun,10,746.77,Normal
5,Sun,11,988.12,Normal
5,Sun,12,960.74,Normal
5,Sun,13,1056.63,Normal
5,Sun,14,848.63,Normal
5,Sun,15,1041.94,Normal
5,Sun,16,1097.77,Normal
5,Sun,17,960.39,Normal
5,Sun,18,1510.33,Normal
5,Sun,19,1156.96,Normal
5,Sun,20,1039.82,Normal
5,Sun,21,1664.03,Normal
5,Sun,22,1506.6,Normal
5,Sun,23,1715.66,Normal
6,Mon,0,344.05,Normal
6,Mon,1,297.91,Normal
6,Mon,2,333.64,Normal
6,Mon,3,336.06,Normal
6,Mon,4,319.3,Normal
6,Mon,5,273.36,Normal
6,Mon,6,331.9,Normal
6,Mon,7,779.57,Normal
6,Mon,8,616,Normal
6,Mon,9,663.58,Normal
6,Mon,10,766.63,Normal
6,Mon,11,1023.16,Normal
6,Mon,12,989.41,Normal
6,Mon,13,916.13,Normal
6,Mon,14,1100.31,Normal
6,Mon,15,941.34,Normal
6,Mon,16,920.93,Normal
6,Mon,17,1005.16,Normal
6,Mon,18,1109.22,Normal
6,Mon,19,1505.41,Normal
6,Mon,20,1275.49,Normal
6,Mon,21,1357.61,Normal
6,Mon,22,1145.82,Normal
6,Mon,23,1397.04,Normal
6,Tue,0,321.09,Normal
6,Tue,1,305.22,Normal
6,Tue,2,307.62,Normal
6,Tue,3,336.55,Normal
6,Tue,4,254.99,Normal
6,Tue,5,276.8,Normal
6,Tue,6,246.15,Normal
6,Tue,7,719.46,Normal
6,Tue,8,607.7,Normal
6,Tue,9,542.04,Normal
6,Tue,10,696.66,Normal
6,Tue,11,969.02,Normal
6,Tue,12,816.07,Normal
6,Tue,13,824.5,Normal
6,Tue,14,991.2,Normal
6,Tue,15,758.6,Normal
6,Tue,16,758.45,Normal
6,Tue,17,885.65,Normal
6,Tue,18,1239.35,Normal
6,Tue,19,1075.6,Normal
6,Tue,20,1752.78,Normal
6,Tue,21,1225.65,Normal
6,Tue,22,1223.68,Normal
6,Tue,23,1347.38,Normal
6,Wed,0,357.64,Normal
6,Wed,1,276.46,Normal
6,Wed,2,316.22,Normal
6,Wed,3,278.64,Normal
6,Wed,4,355.55,Normal
6,Wed,5,302.48,Normal
6,Wed,6,354.31,Normal
6,Wed,7,652.18,Normal
6,Wed,8,816.3,Normal
6,Wed,9,699.67,Normal
6,Wed,10,800.35,Normal
6,Wed,11,916.21,Normal
6,Wed,12,976.66,Normal
6,Wed,13,834.59,Normal
6,Wed,14,834.64,Normal
6,Wed,15,810.92,Normal
6,Wed,16,813.69,Normal
6,Wed,17,857.5,Normal
6,Wed,18,1291.66,Normal
6,Wed,19,1499.25,Normal
6,Wed,20,1285.02,Normal
6,Wed,21,1163.06,Normal
6,Wed,22,1100.74,Normal
6,Wed,23,1129.68,Normal
6,Thu,0,310.52,Normal
6,Thu,1,287.08,Normal
6,Thu,2,311.63,Normal
6,Thu,3,306.3,Normal
6,Thu,4,279.87,Normal
6,Thu,5,268.82,Normal
6,Thu,6,256.03,Normal
6,Thu,7,792.38,Normal
6,Thu,8,708.8,Normal
6,Thu,9,743.39,Normal
6,Thu,10,860.53,Normal
6,Thu,11,846.1,Normal
6,Thu,12,876.97,Normal
6,Thu,13,718.7,Normal
6,Thu,14,1023.78,Normal
6,Thu,15,1004.16,Normal
6,Thu,16,857.14,Normal
6,Thu,17,933.64,Normal
6,Thu,18,1376.19,Normal
6,Thu,19,1192.73,Normal
6,Thu,20,1523.64,Normal
6,Thu,21,1289.72,Normal
6,Thu,22,1321.53,Normal
6,Thu,23,1247.92,Normal
6,Fri,0,246.35,Normal
6,Fri,1,335.34,Normal
6,Fri,2,307,Normal
6,Fri,3,338.75,Normal
6,Fri,4,284.33,Normal
6,Fri,5,326.13,Normal
6,Fri,6,346.9,Normal
6,Fri,7,784.89,Normal
6,Fri,8,713.15,Normal
6,Fri,9,625.64,Normal
6,Fri,10,748.98,Normal
6,Fri,11,899.94,Normal
6,Fri,12,877.05,Normal
6,Fri,13,1018.1,Normal
6,Fri,14,967.84,Normal
6,Fri,15,753.72,Normal
6,Fri,16,777.32,Normal
6,Fri,17,891.16,Normal
6,Fri,18,1431.61,Normal
6,Fri,19,1249.5,Normal
6,Fri,20,1255.49,Normal
6,Fri,21,1371.44,Normal
6,Fri,22,1194.92,Normal
6,Fri,23,1105.89,Normal
6,Sat,0,511.35,Normal
6,Sat,1,585.09,Normal
6,Sat,2,419.57,Normal
6,Sat,3,554.88,Normal
6,Sat,4,471.58,Normal
6,Sat,5,581.71,Normal
6,Sat,6,474.35,Normal
6,Sat,7,650.33,Normal
6,Sat,8,984.44,Normal
6,Sat,9,696.86,Normal
6,Sat,10,815.56,Normal
6,Sat,11,863.97,Normal
6,Sat,12,925.22,Normal
6,Sat,13,966.42,Normal
6,Sat,14,1252.07,Normal
6,Sat,15,966.33,Normal
6,Sat,16,961.59,Normal
6,Sat,17,840.62,Normal
6,Sat,18,1495.71,Normal
6,Sat,19,1463.66,Normal
6,Sat,20,1762.47,Normal
6,Sat,21,1608.84,Normal
6,Sat,22,1353.92,Normal
6,Sat,23,1701.58,Normal
6,Sun,0,463.06,Normal
6,Sun,1,521.28,Normal
6,Sun,2,564,Normal
6,Sun,3,494.61,Normal
6,Sun,4,548.43,Normal
6,Sun,5,480.17,Normal
6,Sun,6,523.96,Normal
6,Sun,7,812.24,Normal
6,Sun,8,823.61,Normal
6,Sun,9,995.26,Normal
6,Sun,10,818.12,Normal
6,Sun,11,1041.82,Normal
6,Sun,12,835.59,Normal
6,Sun,13,1168.74,Normal
6,Sun,14,971.56,Normal
6,Sun,15,975.06,Normal
6,Sun,16,1093.27,Normal
6,Sun,17,999.66,Normal
6,Sun,18,1446.28,Normal
6,Sun,19,1200.63,Normal
6,Sun,20,1000.18,Normal
6,Sun,21,1790.99,Normal
6,Sun,22,1460.41,Normal
6,Sun,23,1522.84,Normal
7,Mon,0,347.91,Normal
7,Mon,1,273.33,Normal
7,Mon,2,311.96,Normal
7,Mon,3,365,Normal
7,Mon,4,297.08,Normal
7,Mon,5,295.29,Normal
7,Mon,6,336.85,Normal
7,Mon,7,897.69,Normal
7,Mon,8,614.34,Normal
7,Mon,9,679.34,Normal
7,Mon,10,808.23,Normal
7,Mon,11,959.42,Normal
7,Mon,12,906.13,Normal
7,Mon,13,1046.08,Normal
7,Mon,14,1099.23,Normal
7,Mon,15,1047.17,Normal
7,Mon,16,935.31,Normal
7,Mon,17,969.18,Normal
7,Mon,18,1101.4,Normal
7,Mon,19,1378.19,Normal
7,Mon,20,1188.88,Normal
7,Mon,21,1559.96,Normal
7,Mon,22,1368.72,Normal
7,Mon,23,1449.58,Normal
7,Tue,0,376.8,Normal
7,Tue,1,347.02,Normal
7,Tue,2,298.28,Normal
7,Tue,3,326.59,Normal
7,Tue,4,259.64,Normal
7,Tue,5,304.31,Normal
7,Tue,6,263.68,Normal
7,Tue,7,760.83,Normal
7,Tue,8,589.07,Normal
7,Tue,9,593.07,Normal
7,Tue,10,692.21,Normal
7,Tue,11,893.81,Normal
7,Tue,12,847.19,Normal
7,Tue,13,869.19,Normal
7,Tue,14,1060.9,Normal
7,Tue,15,758.48,Normal
7,Tue,16,800.8,Normal
7,Tue,17,785.44,Normal
7,Tue,18,1375.58,Normal
7,Tue,19,1144.56,Normal
7,Tue,20,1610.71,Normal
7,Tue,21,1155.82,Normal
7,Tue,22,1137.78,Normal
7,Tue,23,1212.65,Normal
7,Wed,0,325.99,Normal
7,Wed,1,269.62,Normal
7,Wed,2,278.22,Normal
7,Wed,3,289.8,Normal
7,Wed,4,315.5,Normal
7,Wed,5,359.76,Normal
7,Wed,6,339.59,Normal
7,Wed,7,667.72,Normal
7,Wed,8,763.09,Normal
7,Wed,9,678.54,Normal
7,Wed,10,785.83,Normal
7,Wed,11,813.62,Normal
7,Wed,12,1040.55,Normal
7,Wed,13,885.92,Normal
7,Wed,14,842.82,Normal
7,Wed,15,804.17,Normal
7,Wed,16,812.08,Normal
7,Wed,17,832.64,Normal
7,Wed,18,1313.28,Normal
7,Wed,19,1403.77,Normal
7,Wed,20,1137.2,Normal
7,Wed,21,1199.43,Normal
7,Wed,22,1230.25,Normal
7,Wed,23,1309.95,Normal
7,Thu,0,323.8,Normal
7,Thu,1,261.75,Normal
7,Thu,2,326.51,Normal
7,Thu,3,332.96,Normal
7,Thu,4,281.41,Normal
7,Thu,5,263.32,Normal
7,Thu,6,293.81,Normal
7,Thu,7,800.07,Normal
7,Thu,8,628.02,Normal
7,Thu,9,682.98,Normal
7,Thu,10,841.23,Normal
7,Thu,11,960.15,Normal
7,Thu,12,1049.33,Normal
7,Thu,13,760.73,Normal
7,Thu,14,854.89,Normal
7,Thu,15,918.99,Normal
7,Thu,16,790.09,Normal
7,Thu,17,941.51,Normal
7,Thu,18,1248.52,Normal
7,Thu,19,1235.42,Normal
7,Thu,20,1397.4,Normal
7,Thu,21,1300.99,Normal
7,Thu,22,1244.19,Normal
7,Thu,23,1351.07,Normal
7,Fri,0,274.52,Normal
7,Fri,1,303.89,Normal
7,Fri,2,315.14,Normal
7,Fri,3,354.1,Normal
7,Fri,4,282.76,Normal
7,Fri,5,327.37,Normal
7,Fri,6,294.47,Normal
7,Fri,7,701.69,Normal
7,Fri,8,670.82,Normal
7,Fri,9,686.35,Normal
7,Fri,10,729.9,Normal
7,Fri,11,883.25,Normal
7,Fri,12,925.62,Normal
7,Fri,13,972.02,Normal
7,Fri,14,921.13,Normal
7,Fri,15,903.21,Normal
7,Fri,16,836.17,Normal
7,Fri,17,833.53,Normal
7,Fri,18,1288.88,Normal
7,Fri,19,1144.37,Normal
7,Fri,20,1340.95,Normal
7,Fri,21,1257.56,Normal
7,Fri,22,1212.68,Normal
7,Fri,23,1229.24,Normal
7,Sat,0,473.86,Normal
7,Sat,1,667.32,Normal
7,Sat,2,486.65,Normal
7,Sat,3,522.79,Normal
7,Sat,4,468.7,Normal
7,Sat,5,525.69,Normal
7,Sat,6,433.77,Normal
7,Sat,7,663.59,Normal
7,Sat,8,987.73,Normal
7,Sat,9,735.71,Normal
7,Sat,10,841.25,Normal
7,Sat,11,855.62,Normal
7,Sat,12,1075.59,Normal
7,Sat,13,851.43,Normal
7,Sat,14,1333.12,Normal
7,Sat,15,1075.9,Normal
7,Sat,16,937.07,Normal
7,Sat,17,832.76,Normal
7,Sat,18,1327.39,Normal
7,Sat,19,1388.88,Normal
7,Sat,20,1843.46,Normal
7,Sat,21,1619.57,Normal
7,Sat,22,1538.9,Normal
7,Sat,23,1876,Normal
7,Sun,0,427.06,Normal
7,Sun,1,593.48,Normal
7,Sun,2,572.61,Normal
7,Sun,3,442.53,Normal
7,Sun,4,511.87,Normal
7,Sun,5,469.24,Normal
7,Sun,6,512.28,Normal
7,Sun,7,763.64,Normal
7,Sun,8,761.47,Normal
7,Sun,9,978.86,Normal
7,Sun,10,714.44,Normal
7,Sun,11,1017.56,Normal
7,Sun,12,892.55,Normal
7,Sun,13,1048.32,Normal
7,Sun,14,864.21,Normal
7,Sun,15,904.84,Normal
7,Sun,16,1050.94,Normal
7,Sun,17,897.6,Normal
7,Sun,18,1425.11,Normal
7,Sun,19,1256.65,Normal
7,Sun,20,1075.57,Normal
7,Sun,21,1549.7,Normal
7,Sun,22,1296.8,Normal
7,Sun,23,1579.95,Normal
8,Mon,0,296.1,Normal
8,Mon,1,269.42,Normal
8,Mon,2,338.42,Normal
8,Mon,3,350.59,Normal
8,Mon,4,270.83,Normal
8,Mon,5,276.97,Normal
8,Mon,6,317.78,Normal
8,Mon,7,900.32,Normal
8,Mon,8,661.82,Normal
8,Mon,9,777.99,Normal
8,Mon,10,741.05,Normal
8,Mon,11,861.65,Normal
8,Mon,12,921.82,Normal
8,Mon,13,954.95,Normal
8,Mon,14,984.83,Normal
8,Mon,15,917.95,Normal
8,Mon,16,868.86,Normal
8,Mon,17,875.06,Normal
8,Mon,18,1159.66,Normal
8,Mon,19,1419.84,Normal
8,Mon,20,1232.45,Normal
8,Mon,21,1398.28,Normal
8,Mon,22,1241.53,Normal
8,Mon,23,1410.32,Normal
8,Tue,0,373.77,Normal
8,Tue,1,349.26,Normal
8,Tue,2,298.4,Normal
8,Tue,3,368.74,Normal
8,Tue,4,272.1,Normal
8,Tue,5,331.9,Normal
8,Tue,6,259.68,Normal
8,Tue,7,729.03,Normal
8,Tue,8,691.39,Normal
8,Tue,9,516.84,Normal
8,Tue,10,672.87,Normal
8,Tue,11,1000.34,Normal
8,Tue,12,833.89,Normal
8,Tue,13,834.48,Normal
8,Tue,14,955.44,Normal
8,Tue,15,873.64,Normal
8,Tue,16,795.08,Normal
8,Tue,17,863.8,Normal
8,Tue,18,1386.04,Normal
8,Tue,19,1161.7,Normal
8,Tue,20,1654.4,Normal
8,Tue,21,1220.71,Normal
8,Tue,22,1211.35,Normal
8,Tue,23,1313.33,Normal
8,Wed,0,320.14,Normal
8,Wed,1,320.98,Normal
8,Wed,2,325.56,Normal
8,Wed,3,323.06,Normal
8,Wed,4,331.08,Normal
8,Wed,5,353.29,Normal
8,Wed,6,349.71,Normal
8,Wed,7,619.91,Normal
8,Wed,8,789.94,Normal
8,Wed,9,681.72,Normal
8,Wed,10,780.69,Normal
8,Wed,11,885.9,Normal
8,Wed,12,996.75,Normal
8,Wed,13,914.75,Normal
8,Wed,14,918.53,Normal
8,Wed,15,819.26,Normal
8,Wed,16,879.66,Normal
8,Wed,17,852.5,Normal
8,Wed,18,1142.08,Normal
8,Wed,19,1420.96,Normal
8,Wed,20,1091.97,Normal
8,Wed,21,1239.32,Normal
8,Wed,22,1104.31,Normal
8,Wed,23,1103.4,Normal
8,Thu,0,302.76,Normal
8,Thu,1,291.95,Normal
8,Thu,2,339.36,Normal
8,Thu,3,323.85,Normal
8,Thu,4,300.82,Normal
8,Thu,5,316.35,Normal
8,Thu,6,262.52,Normal
8,Thu,7,767.44,Normal
8,Thu,8,633.05,Normal
8,Thu,9,671.28,Normal
8,Thu,10,804.06,Normal
8,Thu,11,964.26,Normal
8,Thu,12,917.99,Normal
8,Thu,13,763.14,Normal
8,Thu,14,944.09,Normal
8,Thu,15,945.51,Normal
8,Thu,16,807.75,Normal
8,Thu,17,917.64,Normal
8,Thu,18,1296.43,Normal
8,Thu,19,1185.03,Normal
8,Thu,20,1515.89,Normal
8,Thu,21,1342.31,Normal
8,Thu,22,1289.42,Normal
8,Thu,23,1223.4,Normal
8,Fri,0,289.35,Normal
8,Fri,1,325.38,Normal
8,Fri,2,313.33,Normal
8,Fri,3,307.75,Normal
8,Fri,4,332.33,Normal
8,Fri,5,333.64,Normal
8,Fri,6,349.19,Normal
8,Fri,7,722.32,Normal
8,Fri,8,769.03,Normal
8,Fri,9,667.68,Normal
8,Fri,10,889.02,Normal
8,Fri,11,931.91,Normal
8,Fri,12,938.98,Normal
8,Fri,13,1062.07,Normal
8,Fri,14,921.61,Normal
8,Fri,15,765.1,Normal
8,Fri,16,805.05,Normal
8,Fri,17,895.05,Normal
8,Fri,18,1443.38,Normal
8,Fri,19,1179.93,Normal
8,Fri,20,1412.81,Normal
8,Fri,21,1409.67,Normal
8,Fri,22,1167.14,Normal
8,Fri,23,1063.68,Normal
8,Sat,0,527.59,Normal
8,Sat,1,671.84,Normal
8,Sat,2,435.6,Normal
8,Sat,3,559.18,Normal
8,Sat,4,442.29,Normal
8,Sat,5,597.78,Normal
8,Sat,6,411.77,Normal
8,Sat,7,673.77,Normal
8,Sat,8,976.36,Normal
8,Sat,9,694.41,Normal
8,Sat,10,868.8,Normal
8,Sat,11,931.66,Normal
8,Sat,12,1105.21,Normal
8,Sat,13,967.86,Normal
8,Sat,14,1327.74,Normal
8,Sat,15,953.45,Normal
8,Sat,16,896.96,Normal
8,Sat,17,844.43,Normal
8,Sat,18,1548.42,Normal
8,Sat,19,1622.93,Normal
8,Sat,20,1859.61,Normal
8,Sat,21,1394.7,Normal
8,Sat,22,1424.94,Normal
8,Sat,23,1659.01,Normal
8,Sun,0,466.62,Normal
8,Sun,1,501.54,Normal
8,Sun,2,488.07,Normal
8,Sun,3,496.17,Normal
8,Sun,4,483.66,Normal
8,Sun,5,460.43,Normal
8,Sun,6,498.4,Normal
8,Sun,7,813.98,Normal
8,Sun,8,759,Normal
8,Sun,9,919.86,Normal
8,Sun,10,696.41,Normal
8,Sun,11,992.36,Normal
8,Sun,12,838.37,Normal
8,Sun,13,1141.73,Normal
8,Sun,14,890.91,Normal
8,Sun,15,954.03,Normal
8,Sun,16,1064.33,Normal
8,Sun,17,999.7,Normal
8,Sun,18,1466.04,Normal
8,Sun,19,1138.06,Normal
8,Sun,20,1122.67,Normal
8,Sun,21,1819.52,Normal
8,Sun,22,1269.05,Normal
8,Sun,23,1722.14,Normal
9,Mon,0,344.6,Normal
9,Mon,1,276.81,Normal
9,Mon,2,361.09,Normal
9,Mon,3,374.07,Normal
9,Mon,4,305.38,Normal
9,Mon,5,296.01,Normal
9,Mon,6,295.91,Normal
9,Mon,7,875.63,Normal
9,Mon,8,608.54,Normal
9,Mon,9,714.76,Normal
9,Mon,10,795.46,Normal
9,Mon,11,846.15,Normal
9,Mon,12,956.48,Normal
9,Mon,13,925.14,Normal
9,Mon,14,1026.19,Normal
9,Mon,15,1018.37,Normal
9,Mon,16,911.32,Normal
9,Mon,17,871.42,Normal
9,Mon,18,1070.18,Normal
9,Mon,19,1331.3,Normal
9,Mon,20,1195.41,Normal
9,Mon,21,1448.89,Normal
9,Mon,22,1143.02,Normal
9,Mon,23,1380.69,Normal
9,Tue,0,342,Normal
9,Tue,1,291.54,Normal
9,Tue,2,315.16,Normal
9,Tue,3,329.39,Normal
9,Tue,4,279.35,Normal
9,Tue,5,325.5,Normal
9,Tue,6,245.47,Normal
9,Tue,7,691.54,Normal
9,Tue,8,623.44,Normal
9,Tue,9,581.72,Normal
9,Tue,10,714.75,Normal
9,Tue,11,960.57,Normal
9,Tue,12,943.5,Normal
9,Tue,13,874.9,Normal
9,Tue,14,1046.62,Normal
9,Tue,15,791.59,Normal
9,Tue,16,826.35,Normal
9,Tue,17,817.8,Normal
9,Tue,18,1184.8,Normal
9,Tue,19,1087.37,Normal
9,Tue,20,1543.35,Normal
9,Tue,21,1274.23,Normal
9,Tue,22,1240.23,Normal
9,Tue,23,1328.63,Normal
9,Wed,0,343.42,Normal
9,Wed,1,312.56,Normal
9,Wed,2,268.55,Normal
9,Wed,3,313.83,Normal
9,Wed,4,355.29,Normal
9,Wed,5,310.18,Normal
9,Wed,6,298.97,Normal
9,Wed,7,679.33,Normal
9,Wed,8,730.14,Normal
9,Wed,9,660.55,Normal
9,Wed,10,778.19,Normal
9,Wed,11,835.56,Normal
9,Wed,12,986.33,Normal
9,Wed,13,780.85,Normal
9,Wed,14,882.66,Normal
9,Wed,15,784.09,Normal
9,Wed,16,788.61,Normal
9,Wed,17,903,Normal
9,Wed,18,1271.92,Normal
9,Wed,19,1409.33,Normal
9,Wed,20,1208.7,Normal
9,Wed,21,1268.68,Normal
9,Wed,22,1194.06,Normal
9,Wed,23,1172.98,Normal
9,Thu,0,362.72,Normal
9,Thu,1,313.84,Normal
9,Thu,2,350.27,Normal
9,Thu,3,296.98,Normal
9,Thu,4,297.47,Normal
9,Thu,5,282.63,Normal
9,Thu,6,301.76,Normal
9,Thu,7,850.87,Normal
9,Thu,8,608.66,Normal
9,Thu,9,704.84,Normal
9,Thu,10,824.89,Normal
9,Thu,11,851.99,Normal
9,Thu,12,1038.57,Normal
9,Thu,13,749.68,Normal
9,Thu,14,910.41,Normal
9,Thu,15,925.21,Normal
9,Thu,16,880.37,Normal
9,Thu,17,947.94,Normal
9,Thu,18,1288.62,Normal
9,Thu,19,1126.2,Normal
9,Thu,20,1391.04,Normal
9,Thu,21,1309.11,Normal
9,Thu,22,1201,Normal
9,Thu,23,1190.91,Normal
9,Fri,0,250.73,Normal
9,Fri,1,324.43,Normal
9,Fri,2,287.18,Normal
9,Fri,3,337.75,Normal
9,Fri,4,307.76,Normal
9,Fri,5,321.76,Normal
9,Fri,6,305.91,Normal
9,Fri,7,728.96,Normal
9,Fri,8,689.96,Normal
9,Fri,9,645.55,Normal
9,Fri,10,811.76,Normal
9,Fri,11,966.18,Normal
9,Fri,12,955.23,Normal
9,Fri,13,956.5,Normal
9,Fri,14,1015.74,Normal
9,Fri,15,841.07,Normal
9,Fri,16,737.69,Normal
9,Fri,17,818.05,Normal
9,Fri,18,1254.96,Normal
9,Fri,19,1287.15,Normal
9,Fri,20,1213.09,Normal
9,Fri,21,1373.97,Normal
9,Fri,22,1245,Normal
9,Fri,23,1047.31,Normal
9,Sat,0,543.49,Normal
9,Sat,1,634.96,Normal
9,Sat,2,460.36,Normal
9,Sat,3,531.98,Normal
9,Sat,4,508.65,Normal
9,Sat,5,496.27,Normal
9,Sat,6,414.1,Normal
9,Sat,7,721.22,Normal
9,Sat,8,888.51,Normal
9,Sat,9,778.35,Normal
9,Sat,10,863.94,Normal
9,Sat,11,914.09,Normal
9,Sat,12,1065.81,Normal
9,Sat,13,961.72,Normal
9,Sat,14,1280.17,Normal
9,Sat,15,1106.86,Normal
9,Sat,16,1047.11,Normal
9,Sat,17,883.28,Normal
9,Sat,18,1522.32,Normal
9,Sat,19,1368.04,Normal
9,Sat,20,1722.51,Normal
9,Sat,21,1534.22,Normal
9,Sat,22,1422.49,Normal
9,Sat,23,1720.55,Normal
9,Sun,0,428.1,Normal
9,Sun,1,506.12,Normal
9,Sun,2,509.67,Normal
9,Sun,3,487.11,Normal
9,Sun,4,509.49,Normal
9,Sun,5,480.19,Normal
9,Sun,6,530.09,Normal
9,Sun,7,827.89,Normal
9,Sun,8,827.14,Normal
9,Sun,9,903.03,Normal
9,Sun,10,770.9,Normal
9,Sun,11,1004.28,Normal
9,Sun,12,829.35,Normal
9,Sun,13,1127.79,Normal
9,Sun,14,1011.56,Normal
9,Sun,15,898.26,Normal
9,Sun,16,945.86,Normal
9,Sun,17,975.85,Normal
9,Sun,18,1302.71,Normal
9,Sun,19,1171.14,Normal
9,Sun,20,955.76,Normal
9,Sun,21,1847.72,Normal
9,Sun,22,1293.62,Normal
9,Sun,23,1683.39,Normal
10,Mon,0,312.58,Normal
10,Mon,1,267.16,Normal
10,Mon,2,344.57,Normal
10,Mon,3,368.25,Normal
10,Mon,4,322.33,Normal
10,Mon,5,263.12,Normal
10,Mon,6,336.54,Normal
10,Mon,7,852.17,Normal
10,Mon,8,618.18,Normal
10,Mon,9,720.08,Normal
10,Mon,10,856.12,Normal
10,Mon,11,885.44,Normal
10,Mon,12,1010.87,Normal
10,Mon,13,908.04,Normal
10,Mon,14,1015.28,Normal
10,Mon,15,937.31,Normal
10,Mon,16,872.22,Normal
10,Mon,17,872.63,Normal
10,Mon,18,1114.03,Normal
10,Mon,19,1409.71,Normal
10,Mon,20,1255.8,Normal
10,Mon,21,1458.15,Normal
10,Mon,22,1279.85,Normal
10,Mon,23,1246.57,Normal
10,Tue,0,351.02,Normal
10,Tue,1,311.37,Normal
10,Tue,2,268.35,Normal
10,Tue,3,339.25,Normal
10,Tue,4,274.47,Normal
10,Tue,5,312.68,Normal
10,Tue,6,233.25,Normal
10,Tue,7,765.75,Normal
10,Tue,8,580.75,Normal
10,Tue,9,611.21,Normal
10,Tue,10,662.25,Normal
10,Tue,11,982.09,Normal
10,Tue,12,935.02,Normal
10,Tue,13,850.56,Normal
10,Tue,14,1105.93,Normal
10,Tue,15,772.54,Normal
10,Tue,16,785.74,Normal
10,Tue,17,819.34,Normal
10,Tue,18,1272.5,Normal
10,Tue,19,1280.19,Normal
10,Tue,20,1464.04,Normal
10,Tue,21,1367.67,Normal
10,Tue,22,1198.68,Normal
10,Tue,23,1320.55,Normal
10,Wed,0,380.64,Normal
10,Wed,1,290.04,Normal
10,Wed,2,300.98,Normal
10,Wed,3,291.74,Normal
10,Wed,4,361.14,Normal
10,Wed,5,354.97,Normal
10,Wed,6,293.26,Normal
10,Wed,7,640.9,Normal
10,Wed,8,705.99,Normal
10,Wed,9,717.11,Normal
10,Wed,10,783.54,Normal
10,Wed,11,933.39,Normal
10,Wed,12,1001.13,Normal
10,Wed,13,881.12,Normal
10,Wed,14,823.57,Normal
10,Wed,15,828.65,Normal
10,Wed,16,804.11,Normal
10,Wed,17,931.55,Normal
10,Wed,18,1359.84,Normal
10,Wed,19,1449.35,Normal
10,Wed,20,1192.75,Normal
10,Wed,21,1151.9,Normal
10,Wed,22,1097.29,Normal
10,Wed,23,1289.02,Normal
10,Thu,0,335.52,Normal
10,Thu,1,276.17,Normal
10,Thu,2,361.73,Normal
10,Thu,3,322.76,Normal
10,Thu,4,292.14,Normal
10,Thu,5,278.46,Normal
10,Thu,6,270.66,Normal
10,Thu,7,821.66,Normal
10,Thu,8,718.38,Normal
10,Thu,9,763.67,Normal
10,Thu,10,783.32,Normal
10,Thu,11,979.82,Normal
10,Thu,12,1036.52,Normal
10,Thu,13,788.46,Normal
10,Thu,14,1006.94,Normal
10,Thu,15,999.56,Normal
10,Thu,16,935.74,Normal
10,Thu,17,861.05,Normal
10,Thu,18,1280.7,Normal
10,Thu,19,1200.65,Normal
10,Thu,20,1412.13,Normal
10,Thu,21,1238.74,Normal
10,Thu,22,1311.83,Normal
10,Thu,23,1357.11,Normal
10,Fri,0,246.01,Normal
10,Fri,1,342.23,Normal
10,Fri,2,267.49,Normal
10,Fri,3,306.29,Normal
10,Fri,4,291.84,Normal
10,Fri,5,348.72,Normal
10,Fri,6,298.48,Normal
10,Fri,7,740.19,Normal
10,Fri,8,780.3,Normal
10,Fri,9,644.23,Normal
10,Fri,10,827.35,Normal
10,Fri,11,867.91,Normal
10,Fri,12,895.35,Normal
10,Fri,13,1064.24,Normal
10,Fri,14,955.06,Normal
10,Fri,15,873.86,Normal
10,Fri,16,767.2,Normal
10,Fri,17,859.59,Normal
10,Fri,18,1449.5,Normal
10,Fri,19,1301.73,Normal
10,Fri,20,1417.34,Normal
10,Fri,21,1311.03,Normal
10,Fri,22,1253.24,Normal
10,Fri,23,1245.08,Normal
10,Sat,0,449.99,Normal
10,Sat,1,669.07,Normal
10,Sat,2,431.08,Normal
10,Sat,3,542,Normal
10,Sat,4,454.64,Normal
10,Sat,5,555.73,Normal
10,Sat,6,415.22,Normal
10,Sat,7,645.21,Normal
10,Sat,8,985.84,Normal
10,Sat,9,653.21,Normal
10,Sat,10,831.04,Normal
10,Sat,11,952.86,Normal
10,Sat,12,950.4,Normal
10,Sat,13,982.81,Normal
10,Sat,14,1285.93,Normal
10,Sat,15,1067.05,Normal
10,Sat,16,945.98,Normal
10,Sat,17,812.62,Normal
10,Sat,18,1412.91,Normal
10,Sat,19,1496.27,Normal
10,Sat,20,1680.01,Normal
10,Sat,21,1597.3,Normal
10,Sat,22,1437.8,Normal
10,Sat,23,1795.36,Normal
10,Sun,0,448.35,Normal
10,Sun,1,573.44,Normal
10,Sun,2,514.7,Normal
10,Sun,3,507.31,Normal
10,Sun,4,500.33,Normal
10,Sun,5,488.58,Normal
10,Sun,6,499.52,Normal
10,Sun,7,810.05,Normal
10,Sun,8,809.28,Normal
10,Sun,9,946.47,Normal
10,Sun,10,794.87,Normal
10,Sun,11,924.9,Normal
10,Sun,12,815.11,Normal
10,Sun,13,1197.42,Normal
10,Sun,14,882.26,Normal
10,Sun,15,1073.31,Normal
10,Sun,16,951.05,Normal
10,Sun,17,921.46,Normal
10,Sun,18,1290.95,Normal
10,Sun,19,1182.45,Normal
10,Sun,20,1023.46,Normal
10,Sun,21,1760.18,Normal
10,Sun,22,1372.52,Normal
10,Sun,23,1578.42,Normal
11,Mon,0,295.11,Normal
11,Mon,1,307.85,Normal
11,Mon,2,330.77,Normal
11,Mon,3,372.48,Normal
11,Mon,4,281.74,Normal
11,Mon,5,267.49,Normal
11,Mon,6,326.91,Normal
11,Mon,7,748.08,Normal
11,Mon,8,686.42,Normal
11,Mon,9,723.29,Normal
11,Mon,10,816.04,Normal
11,Mon,11,987.82,Normal
11,Mon,12,1007.55,Normal
11,Mon,13,1048.6,Normal
11,Mon,14,911.73,Normal
11,Mon,15,991.98,Normal
11,Mon,16,947.26,Normal
11,Mon,17,967.63,Normal
11,Mon,18,1007.41,Normal
11,Mon,19,1272.11,Normal
11,Mon,20,1179.58,Normal
11,Mon,21,1372.08,Normal
11,Mon,22,1176.01,Normal
11,Mon,23,1210.89,Normal
11,Tue,0,363.63,Normal
11,Tue,1,292.93,Normal
11,Tue,2,270.71,Normal
11,Tue,3,330.9,Normal
11,Tue,4,298.55,Normal
11,Tue,5,323.72,Normal
11,Tue,6,262.13,Normal
11,Tue,7,773.81,Normal
11,Tue,8,655.42,Normal
11,Tue,9,553.07,Normal
11,Tue,10,679.04,Normal
11,Tue,11,1042.55,Normal
11,Tue,12,795.82,Normal
11,Tue,13,911.08,Normal
11,Tue,14,1112.56,Normal
11,Tue,15,852.2,Normal
11,Tue,16,880.01,Normal
11,Tue,17,777.75,Normal
11,Tue,18,1299.79,Normal
11,Tue,19,1190.12,Normal
11,Tue,20,1749.82,Normal
11,Tue,21,1384.61,Normal
11,Tue,22,1250.06,Normal
11,Tue,23,1193.1,Normal
11,Wed,0,326.02,Normal
11,Wed,1,290.12,Normal
11,Wed,2,318.96,Normal
11,Wed,3,267.71,Normal
11,Wed,4,313.41,Normal
11,Wed,5,362.72,Normal
11,Wed,6,302.25,Normal
11,Wed,7,630.79,Normal
11,Wed,8,789.16,Normal
11,Wed,9,610.72,Normal
11,Wed,10,743.42,Normal
11,Wed,11,846.47,Normal
11,Wed,12,1027.84,Normal
11,Wed,13,929.07,Normal
11,Wed,14,893.2,Normal
11,Wed,15,781.47,Normal
11,Wed,16,916.6,Normal
11,Wed,17,819.46,Normal
11,Wed,18,1350.24,Normal
11,Wed,19,1312.5,Normal
11,Wed,20,1123.1,Normal
11,Wed,21,1219.88,Normal
11,Wed,22,1024.39,Normal
11,Wed,23,1155.86,Normal
11,Thu,0,336.88,Normal
11,Thu,1,291.1,Normal
11,Thu,2,345.23,Normal
11,Thu,3,307.26,Normal
11,Thu,4,292.93,Normal
11,Thu,5,304.41,Normal
11,Thu,6,257.2,Normal
11,Thu,7,734.59,Normal
11,Thu,8,621.18,Normal
11,Thu,9,738.97,Normal
11,Thu,10,834.34,Normal
11,Thu,11,855.75,Normal
11,Thu,12,925.75,Normal
11,Thu,13,784.53,Normal
11,Thu,14,902.2,Normal
11,Thu,15,907.24,Normal
11,Thu,16,811.41,Normal
11,Thu,17,887.84,Normal
11,Thu,18,1338.3,Normal
11,Thu,19,1231.98,Normal
11,Thu,20,1501.13,Normal
11,Thu,21,1125.16,Normal
11,Thu,22,1209.01,Normal
11,Thu,23,1169.03,Normal
11,Fri,0,280.22,Normal
11,Fri,1,291.2,Normal
11,Fri,2,307.83,Normal
11,Fri,3,340.91,Normal
11,Fri,4,331.27,Normal
11,Fri,5,342.49,Normal
11,Fri,6,307.71,Normal
11,Fri,7,684.68,Normal
11,Fri,8,722.93,Normal
11,Fri,9,703.29,Normal
11,Fri,10,828.03,Normal
11,Fri,11,974.57,Normal
11,Fri,12,837.24,Normal
11,Fri,13,1065.32,Normal
11,Fri,14,951.32,Normal
11,Fri,15,853.54,Normal
11,Fri,16,860.34,Normal
11,Fri,17,894.85,Normal
11,Fri,18,1245.93,Normal
11,Fri,19,1154.26,Normal
11,Fri,20,1257.01,Normal
11,Fri,21,1334.7,Normal
11,Fri,22,1396.35,Normal
11,Fri,23,1100.83,Normal
11,Sat,0,457.2,Normal
11,Sat,1,625.46,Normal
11,Sat,2,492.25,Normal
11,Sat,3,553.21,Normal
11,Sat,4,502.77,Normal
11,Sat,5,528.12,Normal
11,Sat,6,434.62,Normal
11,Sat,7,734.27,Normal
11,Sat,8,917.14,Normal
11,Sat,9,763.76,Normal
11,Sat,10,770.11,Normal
11,Sat,11,853.67,Normal
11,Sat,12,1066.9,Normal
11,Sat,13,883.44,Normal
11,Sat,14,1154.59,Normal
11,Sat,15,1024.77,Normal
11,Sat,16,958.77,Normal
11,Sat,17,980.3,Normal
11,Sat,18,1451.66,Normal
11,Sat,19,1613.04,Normal
11,Sat,20,1570.72,Normal
11,Sat,21,1576.4,Normal
11,Sat,22,1532.17,Normal
11,Sat,23,1835.69,Normal
11,Sun,0,456.87,Normal
11,Sun,1,582.74,Normal
11,Sun,2,507.45,Normal
11,Sun,3,458.61,Normal
11,Sun,4,468.57,Normal
11,Sun,5,488.44,Normal
11,Sun,6,489.28,Normal
11,Sun,7,716.9,Normal
11,Sun,8,818.06,Normal
11,Sun,9,955.12,Normal
11,Sun,10,835.95,Normal
11,Sun,11,943.39,Normal
11,Sun,12,915.43,Normal
11,Sun,13,1182.92,Normal
11,Sun,14,936.43,Normal
11,Sun,15,1030.47,Normal
11,Sun,16,1009.34,Normal
11,Sun,17,942.93,Normal
11,Sun,18,1390.25,Normal
11,Sun,19,1131.71,Normal
11,Sun,20,1089.14,Normal
11,Sun,21,1672.45,Normal
11,Sun,22,1406.56,Normal
11,Sun,23,1743.79,Normal
12,Mon,0,78.07,Holiday
12,Mon,1,72.03,Holiday
12,Mon,2,89.64,Holiday
12,Mon,3,86.88,Holiday
12,Mon,4,78.05,Holiday
12,Mon,5,68.93,Holiday
12,Mon,6,82.33,Holiday
12,Mon,7,204.34,Holiday
12,Mon,8,165.89,Holiday
12,Mon,9,184.11,Holiday
12,Mon,10,186.48,Holiday
12,Mon,11,230.18,Holiday
12,Mon,12,244.28,Holiday
12,Mon,13,235.12,Holiday
12,Mon,14,249.14,Holiday
12,Mon,15,242.76,Holiday
12,Mon,16,198.53,Holiday
12,Mon,17,209.33,Holiday
12,Mon,18,263.23,Holiday
12,Mon,19,375.91,Holiday
12,Mon,20,315.72,Holiday
12,Mon,21,401.88,Holiday
12,Mon,22,348.38,Holiday
12,Mon,23,304.98,Holiday
12,Tue,0,87.24,Holiday
12,Tue,1,76.23,Holiday
12,Tue,2,75.95,Holiday
12,Tue,3,80.96,Holiday
12,Tue,4,77.53,Holiday
12,Tue,5,80.29,Holiday
12,Tue,6,60.51,Holiday
12,Tue,7,194.35,Holiday
12,Tue,8,170.95,Holiday
12,Tue,9,126.95,Holiday
12,Tue,10,165.2,Holiday
12,Tue,11,226.2,Holiday
12,Tue,12,220.09,Holiday
12,Tue,13,235.89,Holiday
12,Tue,14,245.52,Holiday
12,Tue,15,194.99,Holiday
12,Tue,16,205.44,Holiday
12,Tue,17,205.87,Holiday
12,Tue,18,346.56,Holiday
12,Tue,19,272.89,Holiday
12,Tue,20,424.02,Holiday
12,Tue,21,343.72,Holiday
12,Tue,22,268.02,Holiday
12,Tue,23,288.25,Holiday
12,Wed,0,81.94,Holiday
12,Wed,1,77.06,Holiday
12,Wed,2,71.46,Holiday
12,Wed,3,80.63,Holiday
12,Wed,4,76.11,Holiday
12,Wed,5,86.31,Holiday
12,Wed,6,82.46,Holiday
12,Wed,7,162.16,Holiday
12,Wed,8,191.4,Holiday
12,Wed,9,154.94,Holiday
12,Wed,10,180.58,Holiday
12,Wed,11,206.73,Holiday
12,Wed,12,250.32,Holiday
12,Wed,13,230.36,Holiday
12,Wed,14,225.85,Holiday
12,Wed,15,188.13,Holiday
12,Wed,16,229.76,Holiday
12,Wed,17,240.68,Holiday
12,Wed,18,306.97,Holiday
12,Wed,19,375.86,Holiday
12,Wed,20,284.67,Holiday
12,Wed,21,289.19,Holiday
12,Wed,22,301.72,Holiday
12,Wed,23,280.21,Holiday
12,Thu,0,84.42,Holiday
12,Thu,1,67.92,Holiday
12,Thu,2,92.11,Holiday
12,Thu,3,70.86,Holiday
12,Thu,4,64.13,Holiday
12,Thu,5,65.75,Holiday
12,Thu,6,73.66,Holiday
12,Thu,7,182.84,Holiday
12,Thu,8,165.84,Holiday
12,Thu,9,182.46,Holiday
12,Thu,10,191.92,Holiday
12,Thu,11,229.52,Holiday
12,Thu,12,252.54,Holiday
12,Thu,13,179.12,Holiday
12,Thu,14,237.24,Holiday
12,Thu,15,208.77,Holiday
12,Thu,16,227.97,Holiday
12,Thu,17,243.49,Holiday
12,Thu,18,328.7,Holiday
12,Thu,19,266.04,Holiday
12,Thu,20,360.27,Holiday
12,Thu,21,309.58,Holiday
12,Thu,22,310.53,Holiday
12,Thu,23,355.61,Holiday
12,Fri,0,69.12,Holiday
12,Fri,1,72.62,Holiday
12,Fri,2,75.64,Holiday
12,Fri,3,80.64,Holiday
12,Fri,4,84.23,Holiday
12,Fri,5,86.42,Holiday
12,Fri,6,89.17,Holiday
12,Fri,7,170.74,Holiday
12,Fri,8,164.74,Holiday
12,Fri,9,176.06,Holiday
12,Fri,10,196.29,Holiday
12,Fri,11,230.28,Holiday
12,Fri,12,236.31,Holiday
12,Fri,13,267.34,Holiday
12,Fri,14,258.85,Holiday
12,Fri,15,222.92,Holiday
12,Fri,16,216.69,Holiday
12,Fri,17,228.1,Holiday
12,Fri,18,327.48,Holiday
12,Fri,19,296.63,Holiday
12,Fri,20,310.53,Holiday
12,Fri,21,326.94,Holiday
12,Fri,22,355.94,Holiday
12,Fri,23,273.38,Holiday
12,Sat,0,115.37,Holiday
12,Sat,1,144.84,Holiday
12,Sat,2,115.8,Holiday
12,Sat,3,136.87,Holiday
12,Sat,4,118.93,Holiday
12,Sat,5,124.81,Holiday
12,Sat,6,115.62,Holiday
12,Sat,7,183.12,Holiday
12,Sat,8,245.82,Holiday
12,Sat,9,177.31,Holiday
12,Sat,10,202.27,Holiday
12,Sat,11,243.54,Holiday
12,Sat,12,257.02,Holiday
12,Sat,13,241.6,Holiday
12,Sat,14,284.44,Holiday
12,Sat,15,283.68,Holiday
12,Sat,16,243.57,Holiday
12,Sat,17,219.04,Holiday
12,Sat,18,386.09,Holiday
12,Sat,19,365.96,Holiday
12,Sat,20,400.69,Holiday
12,Sat,21,359.31,Holiday
12,Sat,22,359.54,Holiday
12,Sat,23,447.23,Holiday
12,Sun,0,125.13,Holiday
12,Sun,1,133.53,Holiday
12,Sun,2,133.37,Holiday
12,Sun,3,119.87,Holiday
12,Sun,4,123.62,Holiday
12,Sun,5,106.9,Holiday
12,Sun,6,114.38,Holiday
12,Sun,7,203.86,Holiday
12,Sun,8,189.52,Holiday
12,Sun,9,208.96,Holiday
12,Sun,10,209.66,Holiday
12,Sun,11,228.23,Holiday
12,Sun,12,204.15,Holiday
12,Sun,13,303,Holiday
12,Sun,14,212.8,Holiday
12,Sun,15,238.93,Holiday
12,Sun,16,248.02,Holiday
12,Sun,17,260.36,Holiday
12,Sun,18,365.89,Holiday
12,Sun,19,322.35,Holiday
12,Sun,20,279.76,Holiday
12,Sun,21,416.8,Holiday
12,Sun,22,328.5,Holiday
12,Sun,23,403.45,Holiday
13,Mon,0,302.86,Normal
13,Mon,1,257.93,Normal
13,Mon,2,327.45,Normal
13,Mon,3,374.83,Normal
13,Mon,4,297.08,Normal
13,Mon,5,300.81,Normal
13,Mon,6,316.3,Normal
13,Mon,7,757.46,Normal
13,Mon,8,657.93,Normal
13,Mon,9,721.2,Normal
13,Mon,10,764.05,Normal
13,Mon,11,959,Normal
13,Mon,12,1066.28,Normal
13,Mon,13,992.4,Normal
13,Mon,14,1094.85,Normal
13,Mon,15,963.97,Normal
13,Mon,16,863.88,Normal
13,Mon,17,924.71,Normal
13,Mon,18,1195.33,Normal
13,Mon,19,1282.83,Normal
13,Mon,20,1227.92,Normal
13,Mon,21,1565.91,Normal
13,Mon,22,1181.84,Normal
13,Mon,23,1359.44,Normal
13,Tue,0,323.56,Normal
13,Tue,1,324.89,Normal
13,Tue,2,268.79,Normal
13,Tue,3,333.29,Normal
13,Tue,4,274.09,Normal
13,Tue,5,275.5,Normal
13,Tue,6,244.19,Normal
13,Tue,7,762.03,Normal
13,Tue,8,631.4,Normal
13,Tue,9,584.43,Normal
13,Tue,10,663.52,Normal
13,Tue,11,975.63,Normal
13,Tue,12,867.57,Normal
13,Tue,13,863.16,Normal
13,Tue,14,969.98,Normal
13,Tue,15,790.76,Normal
13,Tue,16,810.13,Normal
13,Tue,17,869.71,Normal
13,Tue,18,1361.87,Normal
13,Tue,19,1219.55,Normal
13,Tue,20,1575.92,Normal
13,Tue,21,1368.98,Normal
13,Tue,22,1072.93,Normal
13,Tue,23,1338.2,Normal
13,Wed,0,328.36,Normal
13,Wed,1,273.79,Normal
13,Wed,2,313.91,Normal
13,Wed,3,273.07,Normal
13,Wed,4,337.43,Normal
13,Wed,5,306.85,Normal
13,Wed,6,342.44,Normal
13,Wed,7,612.14,Normal
13,Wed,8,724.99,Normal
13,Wed,9,596.43,Normal
13,Wed,10,684.54,Normal
13,Wed,11,848.69,Normal
13,Wed,12,1085.7,Normal
13,Wed,13,879.14,Normal
13,Wed,14,824.24,Normal
13,Wed,15,865.23,Normal
13,Wed,16,896.96,Normal
13,Wed,17,892.7,Normal
13,Wed,18,1359.26,Normal
13,Wed,19,1422.36,Normal
13,Wed,20,1295.4,Normal
13,Wed,21,1093.15,Normal
13,Wed,22,1166,Normal
13,Wed,23,1123.83,Normal
13,Thu,0,359.43,Normal
13,Thu,1,269.1,Normal
13,Thu,2,371.58,Normal
13,Thu,3,324.7,Normal
13,Thu,4,259.63,Normal
13,Thu,5,276.02,Normal
13,Thu,6,252.31,Normal
13,Thu,7,744.85,Normal
13,Thu,8,679.68,Normal
13,Thu,9,751,Normal
13,Thu,10,731.16,Normal
13,Thu,11,931.21,Normal
13,Thu,12,963.53,Normal
13,Thu,13,707.98,Normal
13,Thu,14,931.02,Normal
13,Thu,15,881.69,Normal
13,Thu,16,934.34,Normal
13,Thu,17,1040.2,Normal
13,Thu,18,1378.92,Normal
13,Thu,19,1166.63,Normal
13,Thu,20,1318.94,Normal
13,Thu,21,1266.37,Normal
13,Thu,22,1147.97,Normal
13,Thu,23,1377.14,Normal
13,Fri,0,238.88,Normal
13,Fri,1,286.82,Normal
13,Fri,2,285.44,Normal
13,Fri,3,312.93,Normal
13,Fri,4,290.35,Normal
13,Fri,5,330.76,Normal
13,Fri,6,321.55,Normal
13,Fri,7,720.48,Normal
13,Fri,8,695.18,Normal
13,Fri,9,687.67,Normal
13,Fri,10,769.22,Normal
13,Fri,11,863.32,Normal
13,Fri,12,939.79,Normal
13,Fri,13,1076.4,Normal
13,Fri,14,959.83,Normal
13,Fri,15,892.69,Normal
13,Fri,16,760.98,Normal
13,Fri,17,950.27,Normal
13,Fri,18,1357.47,Normal
13,Fri,19,1256.53,Normal
13,Fri,20,1276.53,Normal
13,Fri,21,1249.81,Normal
13,Fri,22,1243.15,Normal
13,Fri,23,1126.04,Normal
13,Sat,0,544.05,Normal
13,Sat,1,571.12,Normal
13,Sat,2,482.27,Normal
13,Sat,3,529.23,Normal
13,Sat,4,442.19,Normal
13,Sat,5,587.19,Normal
13,Sat,6,438.8,Normal
13,Sat,7,663.05,Normal
13,Sat,8,976.7,Normal
13,Sat,9,752.22,Normal
13,Sat,10,848.64,Normal
13,Sat,11,910.01,Normal
13,Sat,12,1026.94,Normal
13,Sat,13,927.2,Normal
13,Sat,14,1243.91,Normal
13,Sat,15,958.08,Normal
13,Sat,16,1032.47,Normal
13,Sat,17,954.29,Normal
13,Sat,18,1493.61,Normal
13,Sat,19,1517.06,Normal
13,Sat,20,1853.58,Normal
13,Sat,21,1500.86,Normal
13,Sat,22,1456.11,Normal
13,Sat,23,1639.22,Normal
13,Sun,0,430.57,Normal
13,Sun,1,553.86,Normal
13,Sun,2,492.7,Normal
13,Sun,3,511.47,Normal
13,Sun,4,508.08,Normal
13,Sun,5,450.38,Normal
13,Sun,6,501.17,Normal
13,Sun,7,819.02,Normal
13,Sun,8,725.08,Normal
13,Sun,9,999.52,Normal
13,Sun,10,719.26,Normal
13,Sun,11,927.49,Normal
13,Sun,12,905.55,Normal
13,Sun,13,1131.13,Normal
13,Sun,14,919.84,Normal
13,Sun,15,1062.95,Normal
13,Sun,16,947.06,Normal
13,Sun,17,953.1,Normal
13,Sun,18,1434.95,Normal
13,Sun,19,1294.54,Normal
13,Sun,20,1023.19,Normal
13,Sun,21,1535.84,Normal
13,Sun,22,1264.17,Normal
13,Sun,23,1602.38,Normal
14,Mon,0,318.48,Normal
14,Mon,1,296.05,Normal
14,Mon,2,307.79,Normal
14,Mon,3,349.12,Normal
14,Mon,4,313.87,Normal
14,Mon,5,269.47,Normal
14,Mon,6,293.68,Normal
14,Mon,7,845.73,Normal
14,Mon,8,710.79,Normal
14,Mon,9,654.56,Normal
14,Mon,10,856.2,Normal
14,Mon,11,873.28,Normal
14,Mon,12,980.84,Normal
14,Mon,13,955.63,Normal
14,Mon,14,999.96,Normal
14,Mon,15,899.52,Normal
14,Mon,16,901.63,Normal
14,Mon,17,1011.98,Normal
14,Mon,18,1118.57,Normal
14,Mon,19,1399.65,Normal
14,Mon,20,1158.85,Normal
14,Mon,21,1539.5,Normal
14,Mon,22,1160.97,Normal
14,Mon,23,1450.85,Normal
14,Tue,0,370.41,Normal
14,Tue,1,349.93,Normal
14,Tue,2,288.05,Normal
14,Tue,3,331.46,Normal
14,Tue,4,299.47,Normal
14,Tue,5,331.46,Normal
14,Tue,6,230.56,Normal
14,Tue,7,696.94,Normal
14,Tue,8,677.67,Normal
14,Tue,9,503.05,Normal
14,Tue,10,592.73,Normal
14,Tue,11,1020.79,Normal
14,Tue,12,851.88,Normal
14,Tue,13,858.51,Normal
14,Tue,14,946.06,Normal
14,Tue,15,859.55,Normal
14,Tue,16,836.92,Normal
14,Tue,17,790.71,Normal
14,Tue,18,1335.47,Normal
14,Tue,19,1164.83,Normal
14,Tue,20,1654.78,Normal
14,Tue,21,1272.93,Normal
14,Tue,22,1262.13,Normal
14,Tue,23,1165.11,Normal
14,Wed,0,376.97,Normal
14,Wed,1,294.33,Normal
14,Wed,2,281.93,Normal
14,Wed,3,274.89,Normal
14,Wed,4,323.3,Normal
14,Wed,5,319.08,Normal
14,Wed,6,340.74,Normal
14,Wed,7,625.91,Normal
14,Wed,8,720.31,Normal
14,Wed,9,635.64,Normal
14,Wed,10,790.12,Normal
14,Wed,11,968,Normal
14,Wed,12,1024.21,Normal
14,Wed,13,902.21,Normal
14,Wed,14,825.56,Normal
14,Wed,15,808.46,Normal
14,Wed,16,786.31,Normal
14,Wed,17,852.58,Normal
14,Wed,18,1353.81,Normal
14,Wed,19,1364.95,Normal
14,Wed,20,1188.32,Normal
14,Wed,21,1124.32,Normal
14,Wed,22,1161.12,Normal
14,Wed,23,1113.21,Normal
14,Thu,0,334.29,Normal
14,Thu,1,309.43,Normal
14,Thu,2,305.91,Normal
14,Thu,3,278.55,Normal
14,Thu,4,261.79,Normal
14,Thu,5,281.07,Normal
14,Thu,6,286.25,Normal
14,Thu,7,795.02,Normal
14,Thu,8,665.54,Normal
14,Thu,9,769.24,Normal
14,Thu,10,860.13,Normal
14,Thu,11,932.23,Normal
14,Thu,12,1043.34,Normal
14,Thu,13,777.26,Normal
14,Thu,14,900.55,Normal
14,Thu,15,951.48,Normal
14,Thu,16,783.45,Normal
14,Thu,17,935.14,Normal
14,Thu,18,1192.46,Normal
14,Thu,19,1172.19,Normal
14,Thu,20,1346.48,Normal
14,Thu,21,1207.09,Normal
14,Thu,22,1139.94,Normal
14,Thu,23,1230.31,Normal
14,Fri,0,249.42,Normal
14,Fri,1,310.33,Normal
14,Fri,2,286.21,Normal
14,Fri,3,321.02,Normal
14,Fri,4,331.67,Normal
14,Fri,5,314.18,Normal
14,Fri,6,347.83,Normal
14,Fri,7,678.88,Normal
14,Fri,8,690.81,Normal
14,Fri,9,730.36,Normal
14,Fri,10,878.24,Normal
14,Fri,11,833.35,Normal
14,Fri,12,944.25,Normal
14,Fri,13,993.98,Normal
14,Fri,14,1079.73,Normal
14,Fri,15,764.65,Normal
14,Fri,16,845.68,Normal
14,Fri,17,932.84,Normal
14,Fri,18,1291.42,Normal
14,Fri,19,1167.33,Normal
14,Fri,20,1404.58,Normal
14,Fri,21,1421.07,Normal
14,Fri,22,1381.58,Normal
14,Fri,23,1071.7,Normal
14,Sat,0,472.94,Normal
14,Sat,1,576.73,Normal
14,Sat,2,484.82,Normal
14,Sat,3,466.19,Normal
14,Sat,4,423.84,Normal
14,Sat,5,565.72,Normal
14,Sat,6,414.5,Normal
14,Sat,7,651.02,Normal
14,Sat,8,941.84,Normal
14,Sat,9,702.58,Normal
14,Sat,10,794.07,Normal
14,Sat,11,860.84,Normal
14,Sat,12,1094.3,Normal
14,Sat,13,871.06,Normal
14,Sat,14,1326.96,Normal
14,Sat,15,1091.42,Normal
14,Sat,16,960.43,Normal
14,Sat,17,923.79,Normal
14,Sat,18,1360.23,Normal
14,Sat,19,1558.3,Normal
14,Sat,20,1571.4,Normal
14,Sat,21,1663.49,Normal
14,Sat,22,1344.09,Normal
14,Sat,23,1642.72,Normal
14,Sun,0,486.68,Normal
14,Sun,1,589.4,Normal
14,Sun,2,483.66,Normal
14,Sun,3,466.78,Normal
14,Sun,4,488.9,Normal
14,Sun,5,452.73,Normal
14,Sun,6,464.85,Normal
14,Sun,7,817.06,Normal
14,Sun,8,714.1,Normal
14,Sun,9,955.1,Normal
14,Sun,10,825.83,Normal
14,Sun,11,880.27,Normal
14,Sun,12,898.17,Normal
14,Sun,13,1080.71,Normal
14,Sun,14,852.41,Normal
14,Sun,15,1041.53,Normal
14,Sun,16,919.95,Normal
14,Sun,17,962.92,Normal
14,Sun,18,1512.69,Normal
14,Sun,19,1118.8,Normal
14,Sun,20,1012.02,Normal
14,Sun,21,1812.19,Normal
14,Sun,22,1255.79,Normal
14,Sun,23,1760.53,Normal
15,Mon,0,342.35,Normal
15,Mon,1,274.16,Normal
15,Mon,2,314.96,Normal
15,Mon,3,360.36,Normal
15,Mon,4,274.94,Normal
15,Mon,5,272.47,Normal
15,Mon,6,315.69,Normal
15,Mon,7,780.53,Normal
15,Mon,8,688.49,Normal
15,Mon,9,698.56,Normal
15,Mon,10,862.79,Normal
15,Mon,11,955.39,Normal
15,Mon,12,922.59,Normal
15,Mon,13,915.76,Normal
15,Mon,14,980.23,Normal
15,Mon,15,1021.39,Normal
15,Mon,16,916.09,Normal
15,Mon,17,850.51,Normal
15,Mon,18,1064.26,Normal
15,Mon,19,1419.98,Normal
15,Mon,20,1244.06,Normal
15,Mon,21,1547.94,Normal
15,Mon,22,1194.27,Normal
15,Mon,23,1308.07,Normal
15,Tue,0,325.39,Normal
15,Tue,1,305.68,Normal
15,Tue,2,279.77,Normal
15,Tue,3,339.13,Normal
15,Tue,4,285.91,Normal
15,Tue,5,290.59,Normal
15,Tue,6,251.66,Normal
15,Tue,7,689.94,Normal
15,Tue,8,624.99,Normal
15,Tue,9,506.62,Normal
15,Tue,10,634.84,Normal
15,Tue,11,1001.75,Normal
15,Tue,12,865.57,Normal
15,Tue,13,925.71,Normal
15,Tue,14,989.64,Normal
15,Tue,15,876.97,Normal
15,Tue,16,769.54,Normal
15,Tue,17,849.09,Normal
15,Tue,18,1359.89,Normal
15,Tue,19,1149.83,Normal
15,Tue,20,1491.74,Normal
15,Tue,21,1185.14,Normal
15,Tue,22,1063.15,Normal
15,Tue,23,1206.79,Normal
15,Wed,0,377.97,Normal
15,Wed,1,285.17,Normal
15,Wed,2,289.39,Normal
15,Wed,3,283.35,Normal
15,Wed,4,310.46,Normal
15,Wed,5,316.29,Normal
15,Wed,6,300.41,Normal
15,Wed,7,714.28,Normal
15,Wed,8,715.45,Normal
15,Wed,9,636.93,Normal
15,Wed,10,681.29,Normal
15,Wed,11,818.21,Normal
15,Wed,12,1055.36,Normal
15,Wed,13,923.32,Normal
15,Wed,14,908.59,Normal
15,Wed,15,725.32,Normal
15,Wed,16,851.07,Normal
15,Wed,17,844.72,Normal
15,Wed,18,1349.52,Normal
15,Wed,19,1300.34,Normal
15,Wed,20,1312.01,Normal
15,Wed,21,1235.23,Normal
15,Wed,22,1036.3,Normal
15,Wed,23,1089.39,Normal
15,Thu,0,310.8,Normal
15,Thu,1,306.11,Normal
15,Thu,2,365.47,Normal
15,Thu,3,318.67,Normal
15,Thu,4,256.82,Normal
15,Thu,5,308.2,Normal
15,Thu,6,254.39,Normal
15,Thu,7,830.55,Normal
15,Thu,8,645.42,Normal
15,Thu,9,669.28,Normal
15,Thu,10,772.79,Normal
15,Thu,11,880.91,Normal
15,Thu,12,944.82,Normal
15,Thu,13,701.43,Normal
15,Thu,14,971.7,Normal
15,Thu,15,849.79,Normal
15,Thu,16,820.82,Normal
15,Thu,17,1006.55,Normal
15,Thu,18,1415.5,Normal
15,Thu,19,1038.15,Normal
15,Thu,20,1445.85,Normal
15,Thu,21,1209.2,Normal
15,Thu,22,1223.44,Normal
15,Thu,23,1413.31,Normal
15,Fri,0,243.59,Normal
15,Fri,1,339.97,Normal
15,Fri,2,315.99,Normal
15,Fri,3,324.28,Normal
15,Fri,4,316.54,Normal
15,Fri,5,332.95,Normal
15,Fri,6,358.58,Normal
15,Fri,7,718.67,Normal
15,Fri,8,711.73,Normal
15,Fri,9,618.81,Normal
15,Fri,10,740.03,Normal
15,Fri,11,914.58,Normal
15,Fri,12,1000.55,Normal
15,Fri,13,916.74,Normal
15,Fri,14,1034.72,Normal
15,Fri,15,821.01,Normal
15,Fri,16,828.45,Normal
15,Fri,17,940.36,Normal
15,Fri,18,1420.43,Normal
15,Fri,19,1290.58,Normal
15,Fri,20,1192.36,Normal
15,Fri,21,1206.09,Normal
15,Fri,22,1399.94,Normal
15,Fri,23,1174.64,Normal
15,Sat,0,500,Normal
15,Sat,1,619.75,Normal
15,Sat,2,465.01,Normal
15,Sat,3,511.72,Normal
15,Sat,4,481.22,Normal
15,Sat,5,531.13,Normal
15,Sat,6,456.59,Normal
15,Sat,7,649.53,Normal
15,Sat,8,957.7,Normal
15,Sat,9,754.75,Normal
15,Sat,10,833.46,Normal
15,Sat,11,1027.28,Normal
15,Sat,12,1090.2,Normal
15,Sat,13,881.82,Normal
15,Sat,14,1203.24,Normal
15,Sat,15,1001.65,Normal
15,Sat,16,1056.06,Normal
15,Sat,17,805.88,Normal
15,Sat,18,1527.63,Normal
15,Sat,19,1538.99,Normal
15,Sat,20,1860.66,Normal
15,Sat,21,1647.5,Normal
15,Sat,22,1439.45,Normal
15,Sat,23,1854.57,Normal
15,Sun,0,497.89,Normal
15,Sun,1,546.72,Normal
15,Sun,2,504.82,Normal
15,Sun,3,474.44,Normal
15,Sun,4,497.68,Normal
15,Sun,5,503.61,Normal
15,Sun,6,498.33,Normal
15,Sun,7,826.96,Normal
15,Sun,8,856.41,Normal
15,Sun,9,920.13,Normal
15,Sun,10,796.24,Normal
15,Sun,11,943.54,Normal
15,Sun,12,849.67,Normal
15,Sun,13,1184.76,Normal
15,Sun,14,937.14,Normal
15,Sun,15,1051.56,Normal
15,Sun,16,1098.37,Normal
15,Sun,17,896.8,Normal
15,Sun,18,1466.88,Normal
15,Sun,19,1244.45,Normal
15,Sun,20,1037.38,Normal
15,Sun,21,1589.58,Normal
15,Sun,22,1341.86,Normal
15,Sun,23,1479,Normal
16,Mon,0,302.23,Normal
16,Mon,1,291.29,Normal
16,Mon,2,305.75,Normal
16,Mon,3,364.22,Normal
16,Mon,4,309.7,Normal
16,Mon,5,264.55,Normal
16,Mon,6,284.9,Normal
16,Mon,7,905.27,Normal
16,Mon,8,595.89,Normal
16,Mon,9,658.22,Normal
16,Mon,10,760.43,Normal
16,Mon,11,906.43,Normal
16,Mon,12,1042.51,Normal
16,Mon,13,971.75,Normal
16,Mon,14,982.19,Normal
16,Mon,15,972.29,Normal
16,Mon,16,895.19,Normal
16,Mon,17,1011.83,Normal
16,Mon,18,1053.35,Normal
16,Mon,19,1429.55,Normal
16,Mon,20,1221.64,Normal
16,Mon,21,1404.63,Normal
16,Mon,22,1383.04,Normal
16,Mon,23,1268.1,Normal
16,Tue,0,346.12,Normal
16,Tue,1,310.61,Normal
16,Tue,2,300.99,Normal
16,Tue,3,319.8,Normal
16,Tue,4,303.59,Normal
16,Tue,5,323.21,Normal
16,Tue,6,238.54,Normal
16,Tue,7,815.45,Normal
16,Tue,8,696.49,Normal
16,Tue,9,505.38,Normal
16,Tue,10,615.9,Normal
16,Tue,11,1033.24,Normal
16,Tue,12,800.44,Normal
16,Tue,13,873.16,Normal
16,Tue,14,1052.21,Normal
16,Tue,15,881.03,Normal
16,Tue,16,886.73,Normal
16,Tue,17,855.53,Normal
16,Tue,18,1410.31,Normal
16,Tue,19,1173.92,Normal
16,Tue,20,1760.27,Normal
16,Tue,21,1175.45,Normal
16,Tue,22,1267.71,Normal
16,Tue,23,1191.02,Normal
16,Wed,0,345.18,Normal
16,Wed,1,269.43,Normal
16,Wed,2,316.34,Normal
16,Wed,3,291.06,Normal
16,Wed,4,329.85,Normal
16,Wed,5,331.05,Normal
16,Wed,6,327.19,Normal
16,Wed,7,688.08,Normal
16,Wed,8,764.55,Normal
16,Wed,9,687.79,Normal
16,Wed,10,746.91,Normal
16,Wed,11,906.26,Normal
16,Wed,12,936.03,Normal
16,Wed,13,809.52,Normal
16,Wed,14,822.25,Normal
16,Wed,15,744.55,Normal
16,Wed,16,903.92,Normal
16,Wed,17,826.27,Normal
16,Wed,18,1201.18,Normal
16,Wed,19,1388.79,Normal
16,Wed,20,1222.56,Normal
16,Wed,21,1311.97,Normal
16,Wed,22,1030.09,Normal
16,Wed,23,1093.42,Normal
16,Thu,0,303.31,Normal
16,Thu,1,306.95,Normal
16,Thu,2,339.68,Normal
16,Thu,3,288.81,Normal
16,Thu,4,271.72,Normal
16,Thu,5,273.11,Normal
16,Thu,6,298.18,Normal
16,Thu,7,722.71,Normal
16,Thu,8,659.35,Normal
16,Thu,9,656.85,Normal
16,Thu,10,861.76,Normal
16,Thu,11,864.02,Normal
16,Thu,12,987.19,Normal
16,Thu,13,718.59,Normal
16,Thu,14,1000.07,Normal
16,Thu,15,848.17,Normal
16,Thu,16,849.67,Normal
16,Thu,17,1011.9,Normal
16,Thu,18,1423.37,Normal
16,Thu,19,1087.31,Normal
16,Thu,20,1502.97,Normal
16,Thu,21,1203.2,Normal
16,Thu,22,1301.5,Normal
16,Thu,23,1318.27,Normal
16,Fri,0,248.48,Normal
16,Fri,1,335.42,Normal
16,Fri,2,310.25,Normal
16,Fri,3,357.65,Normal
16,Fri,4,318.49,Normal
16,Fri,5,301.59,Normal
16,Fri,6,345.49,Normal
16,Fri,7,697.47,Normal
16,Fri,8,763.93,Normal
16,Fri,9,611.94,Normal
16,Fri,10,828.68,Normal
16,Fri,11,922.35,Normal
16,Fri,12,1013.08,Normal
16,Fri,13,1016.77,Normal
16,Fri,14,1073,Normal
16,Fri,15,762.34,Normal
16,Fri,16,822.6,Normal
16,Fri,17,820.07,Normal
16,Fri,18,1265.65,Normal
16,Fri,19,1314.72,Normal
16,Fri,20,1330.17,Normal
16,Fri,21,1351.17,Normal
16,Fri,22,1181.14,Normal
16,Fri,23,1260.99,Normal
16,Sat,0,518.82,Normal
16,Sat,1,606.25,Normal
16,Sat,2,409.07,Normal
16,Sat,3,511.75,Normal
16,Sat,4,448.14,Normal
16,Sat,5,573.04,Normal
16,Sat,6,408.29,Normal
16,Sat,7,695.77,Normal
16,Sat,8,1040.22,Normal
16,Sat,9,675.56,Normal
16,Sat,10,739.89,Normal
16,Sat,11,1017.49,Normal
16,Sat,12,1055.59,Normal
16,Sat,13,962.52,Normal
16,Sat,14,1157.94,Normal
16,Sat,15,964.37,Normal
16,Sat,16,940.92,Normal
16,Sat,17,928.57,Normal
16,Sat,18,1535.16,Normal
16,Sat,19,1592.45,Normal
16,Sat,20,1860.21,Normal
16,Sat,21,1470.76,Normal
16,Sat,22,1505.63,Normal
16,Sat,23,1604.78,Normal
16,Sun,0,458.51,Normal
16,Sun,1,558.46,Normal
16,Sun,2,561.58,Normal
16,Sun,3,460.18,Normal
16,Sun,4,471.2,Normal
16,Sun,5,450.82,Normal
16,Sun,6,512.19,Normal
16,Sun,7,807.36,Normal
16,Sun,8,809.44,Normal
16,Sun,9,873.75,Normal
16,Sun,10,754.24,Normal
16,Sun,11,1033.21,Normal
16,Sun,12,905.19,Normal
16,Sun,13,1009.18,Normal
16,Sun,14,942.35,Normal
16,Sun,15,936.37,Normal
16,Sun,16,937.45,Normal
16,Sun,17,930.67,Normal
16,Sun,18,1429.49,Normal
16,Sun,19,1112.74,Normal
16,Sun,20,984.93,Normal
16,Sun,21,1576.8,Normal
16,Sun,22,1375.83,Normal
16,Sun,23,1485.65,Normal
17,Mon,0,354.03,Normal
17,Mon,1,306.64,Normal
17,Mon,2,365.25,Normal
17,Mon,3,358.27,Normal
17,Mon,4,309.9,Normal
17,Mon,5,304.95,Normal
17,Mon,6,328.49,Normal
17,Mon,7,833.86,Normal
17,Mon,8,667.06,Normal
17,Mon,9,698.39,Normal
17,Mon,10,838.88,Normal
17,Mon,11,934.06,Normal
17,Mon,12,1006.87,Normal
17,Mon,13,1033.47,Normal
17,Mon,14,1091.83,Normal
17,Mon,15,1012.7,Normal
17,Mon,16,840.12,Normal
17,Mon,17,876.36,Normal
17,Mon,18,1094.21,Normal
17,Mon,19,1469.15,Normal
17,Mon,20,1188.84,Normal
17,Mon,21,1521.06,Normal
17,Mon,22,1294.28,Normal
17,Mon,23,1214.03,Normal
17,Tue,0,335.27,Normal
17,Tue,1,305.07,Normal
17,Tue,2,277.05,Normal
17,Tue,3,357.87,Normal
17,Tue,4,297.16,Normal
17,Tue,5,299.04,Normal
17,Tue,6,227.57,Normal
17,Tue,7,750.29,Normal
17,Tue,8,628.03,Normal
17,Tue,9,590.14,Normal
17,Tue,10,715.73,Normal
17,Tue,11,940.57,Normal
17,Tue,12,834.66,Normal
17,Tue,13,956.47,Normal
17,Tue,14,1072.31,Normal
17,Tue,15,794.77,Normal
17,Tue,16,750.53,Normal
17,Tue,17,806.99,Normal
17,Tue,18,1192.49,Normal
17,Tue,19,1283.59,Normal
17,Tue,20,1753.62,Normal
17,Tue,21,1149.36,Normal
17,Tue,22,1206.87,Normal
17,Tue,23,1286.02,Normal
17,Wed,0,338.28,Normal
17,Wed,1,322.86,Normal
17,Wed,2,325.94,Normal
17,Wed,3,287.49,Normal
17,Wed,4,317.54,Normal
17,Wed,5,348.4,Normal
17,Wed,6,349.25,Normal
17,Wed,7,637.61,Normal
17,Wed,8,703.88,Normal
17,Wed,9,664.2,Normal
17,Wed,10,761.2,Normal
17,Wed,11,879.73,Normal
17,Wed,12,996.56,Normal
17,Wed,13,822.19,Normal
17,Wed,14,919.64,Normal
17,Wed,15,753.16,Normal
17,Wed,16,932.64,Normal
17,Wed,17,874.92,Normal
17,Wed,18,1232.04,Normal
17,Wed,19,1487.77,Normal
17,Wed,20,1162.04,Normal
17,Wed,21,1172.93,Normal
17,Wed,22,1160.81,Normal
17,Wed,23,1158,Normal
17,Thu,0,301.38,Normal
17,Thu,1,263.86,Normal
17,Thu,2,350.63,Normal
17,Thu,3,325.24,Normal
17,Thu,4,262.48,Normal
17,Thu,5,315.56,Normal
17,Thu,6,290.95,Normal
17,Thu,7,734.26,Normal
17,Thu,8,609.24,Normal
17,Thu,9,746.42,Normal
17,Thu,10,774.46,Normal
17,Thu,11,928.87,Normal
17,Thu,12,971.2,Normal
17,Thu,13,817.77,Normal
17,Thu,14,970.22,Normal
17,Thu,15,874.79,Normal
17,Thu,16,935.53,Normal
17,Thu,17,1017.65,Normal
17,Thu,18,1188.16,Normal
17,Thu,19,1170.48,Normal
17,Thu,20,1535.1,Normal
17,Thu,21,1132.54,Normal
17,Thu,22,1214.51,Normal
17,Thu,23,1385.64,Normal
17,Fri,0,245.44,Normal
17,Fri,1,329.84,Normal
17,Fri,2,288.46,Normal
17,Fri,3,312.36,Normal
17,Fri,4,309.04,Normal
17,Fri,5,354.22,Normal
17,Fri,6,297.86,Normal
17,Fri,7,670.19,Normal
17,Fri,8,662.51,Normal
17,Fri,9,694.4,Normal
17,Fri,10,822.27,Normal
17,Fri,11,919.14,Normal
17,Fri,12,915,Normal
17,Fri,13,985.89,Normal
17,Fri,14,974.57,Normal
17,Fri,15,815.06,Normal
17,Fri,16,835.34,Normal
17,Fri,17,819.49,Normal
17,Fri,18,1497.49,Normal
17,Fri,19,1357.82,Normal
17,Fri,20,1414.98,Normal
17,Fri,21,1308.63,Normal
17,Fri,22,1258.43,Normal
17,Fri,23,1124.71,Normal
17,Sat,0,486.16,Normal
17,Sat,1,607.79,Normal
17,Sat,2,488.9,Normal
17,Sat,3,549.98,Normal
17,Sat,4,506.71,Normal
17,Sat,5,590.44,Normal
17,Sat,6,440.03,Normal
17,Sat,7,668.58,Normal
17,Sat,8,1030.98,Normal
17,Sat,9,668.23,Normal
17,Sat,10,860.68,Normal
17,Sat,11,932.21,Normal
17,Sat,12,1060.74,Normal
17,Sat,13,830.33,Normal
17,Sat,14,1295.56,Normal
17,Sat,15,1118.55,Normal
17,Sat,16,1000.66,Normal
17,Sat,17,842.63,Normal
17,Sat,18,1325.04,Normal
17,Sat,19,1607.46,Normal
17,Sat,20,1846.19,Normal
17,Sat,21,1468.68,Normal
17,Sat,22,1559.21,Normal
17,Sat,23,1684.51,Normal
17,Sun,0,463.29,Normal
17,Sun,1,563.8,Normal
17,Sun,2,571.2,Normal
17,Sun,3,462.69,Normal
17,Sun,4,490.09,Normal
17,Sun,5,494.65,Normal
17,Sun,6,519.9,Normal
17,Sun,7,753.98,Normal
17,Sun,8,853.49,Normal
17,Sun,9,875.89,Normal
17,Sun,10,788.41,Normal
17,Sun,11,892.65,Normal
17,Sun,12,850.81,Normal
17,Sun,13,1204.71,Normal
17,Sun,14,902.75,Normal
17,Sun,15,958.34,Normal
17,Sun,16,1072.7,Normal
17,Sun,17,938.65,Normal
17,Sun,18,1513.41,Normal
17,Sun,19,1316.75,Normal
17,Sun,20,1059.04,Normal
17,Sun,21,1748.55,Normal
17,Sun,22,1476.72,Normal
17,Sun,23,1482.63,Normal
18,Mon,0,308.78,Normal
18,Mon,1,258.3,Normal
18,Mon,2,307.16,Normal
18,Mon,3,395.97,Normal
18,Mon,4,289.19,Normal
18,Mon,5,269.79,Normal
18,Mon,6,299.46,Normal
18,Mon,7,819.21,Normal
18,Mon,8,635.07,Normal
18,Mon,9,697.31,Normal
18,Mon,10,842.57,Normal
18,Mon,11,918.06,Normal
18,Mon,12,1015.41,Normal
18,Mon,13,937.38,Normal
18,Mon,14,977.39,Normal
18,Mon,15,1026.54,Normal
18,Mon,16,887.77,Normal
18,Mon,17,847.39,Normal
18,Mon,18,1199.8,Normal
18,Mon,19,1293.55,Normal
18,Mon,20,1229.93,Normal
18,Mon,21,1384.21,Normal
18,Mon,22,1169.42,Normal
18,Mon,23,1459.98,Normal
18,Tue,0,378.65,Normal
18,Tue,1,335.7,Normal
18,Tue,2,282.68,Normal
18,Tue,3,329.14,Normal
18,Tue,4,283.46,Normal
18,Tue,5,294.59,Normal
18,Tue,6,236.63,Normal
18,Tue,7,704.76,Normal
18,Tue,8,679.37,Normal
18,Tue,9,530.99,Normal
18,Tue,10,634.53,Normal
18,Tue,11,946.04,Normal
18,Tue,12,830.03,Normal
18,Tue,13,809.44,Normal
18,Tue,14,990.89,Normal
18,Tue,15,830.32,Normal
18,Tue,16,868.07,Normal
18,Tue,17,787.29,Normal
18,Tue,18,1248.84,Normal
18,Tue,19,1244.12,Normal
18,Tue,20,1709.62,Normal
18,Tue,21,1255.8,Normal
18,Tue,22,1115.73,Normal
18,Tue,23,1149.84,Normal
18,Wed,0,343.12,Normal
18,Wed,1,295.79,Normal
18,Wed,2,313.14,Normal
18,Wed,3,289.15,Normal
18,Wed,4,316.62,Normal
18,Wed,5,366.39,Normal
18,Wed,6,336.05,Normal
18,Wed,7,630.99,Normal
18,Wed,8,798.87,Normal
18,Wed,9,701.6,Normal
18,Wed,10,662.5,Normal
18,Wed,11,850.97,Normal
18,Wed,12,1055.63,Normal
18,Wed,13,778.24,Normal
18,Wed,14,946.3,Normal
18,Wed,15,759.32,Normal
18,Wed,16,884.25,Normal
18,Wed,17,909.73,Normal
18,Wed,18,1347.42,Normal
18,Wed,19,1454.01,Normal
18,Wed,20,1111.41,Normal
18,Wed,21,1228.66,Normal
18,Wed,22,1028.54,Normal
18,Wed,23,1285.21,Normal
18,Thu,0,313.26,Normal
18,Thu,1,304.75,Normal
18,Thu,2,357.65,Normal
18,Thu,3,289.76,Normal
18,Thu,4,272.31,Normal
18,Thu,5,298.77,Normal
18,Thu,6,295.66,Normal
18,Thu,7,754.81,Normal
18,Thu,8,658.44,Normal
18,Thu,9,787.21,Normal
18,Thu,10,810.2,Normal
18,Thu,11,1013.85,Normal
18,Thu,12,882.01,Normal
18,Thu,13,799.34,Normal
18,Thu,14,924.13,Normal
18,Thu,15,882.76,Normal
18,Thu,16,921.86,Normal
18,Thu,17,883.12,Normal
18,Thu,18,1233.38,Normal
18,Thu,19,1068.63,Normal
18,Thu,20,1356.22,Normal
18,Thu,21,1259.26,Normal
18,Thu,22,1220.87,Normal
18,Thu,23,1217.98,Normal
18,Fri,0,264.75,Normal
18,Fri,1,337.95,Normal
18,Fri,2,305.12,Normal
18,Fri,3,355.5,Normal
18,Fri,4,341.1,Normal
18,Fri,5,342.08,Normal
18,Fri,6,313.36,Normal
18,Fri,7,771.04,Normal
18,Fri,8,660.89,Normal
18,Fri,9,650.19,Normal
18,Fri,10,794.93,Normal
18,Fri,11,1004.37,Normal
18,Fri,12,1000.46,Normal
18,Fri,13,1055.08,Normal
18,Fri,14,1001.89,Normal
18,Fri,15,777.92,Normal
18,Fri,16,731.95,Normal
18,Fri,17,952.88,Normal
18,Fri,18,1498.89,Normal
18,Fri,19,1333.31,Normal
18,Fri,20,1274.92,Normal
18,Fri,21,1274.31,Normal
18,Fri,22,1370.49,Normal
18,Fri,23,1135.22,Normal
18,Sat,0,490.1,Normal
18,Sat,1,616.32,Normal
18,Sat,2,437.95,Normal
18,Sat,3,475.99,Normal
18,Sat,4,464.26,Normal
18,Sat,5,512.86,Normal
18,Sat,6,427.57,Normal
18,Sat,7,651.39,Normal
18,Sat,8,904.87,Normal
18,Sat,9,648.34,Normal
18,Sat,10,770.91,Normal
18,Sat,11,965.83,Normal
18,Sat,12,964.23,Normal
18,Sat,13,970.86,Normal
18,Sat,14,1323.42,Normal
18,Sat,15,1081.95,Normal
18,Sat,16,1045.09,Normal
18,Sat,17,928.88,Normal
18,Sat,18,1486.27,Normal
18,Sat,19,1602.11,Normal
18,Sat,20,1780.67,Normal
18,Sat,21,1431.5,Normal
18,Sat,22,1466.86,Normal
18,Sat,23,1678.3,Normal
18,Sun,0,422.82,Normal
18,Sun,1,600.17,Normal
18,Sun,2,567.67,Normal
18,Sun,3,504.88,Normal
18,Sun,4,534.71,Normal
18,Sun,5,436.64,Normal
18,Sun,6,461.09,Normal
18,Sun,7,856.37,Normal
18,Sun,8,737.89,Normal
18,Sun,9,860.87,Normal
18,Sun,10,698.56,Normal
18,Sun,11,943.18,Normal
18,Sun,12,804.39,Normal
18,Sun,13,1162.93,Normal
18,Sun,14,966.9,Normal
18,Sun,15,892.13,Normal
18,Sun,16,922.97,Normal
18,Sun,17,1010.29,Normal
18,Sun,18,1356.32,Normal
18,Sun,19,1235.82,Normal
18,Sun,20,973.94,Normal
18,Sun,21,1709.41,Normal
18,Sun,22,1302.52,Normal
18,Sun,23,1693.38,Normal
19,Mon,0,326.9,Normal
19,Mon,1,257.34,Normal
19,Mon,2,353.66,Normal
19,Mon,3,344.23,Normal
19,Mon,4,300.9,Normal
19,Mon,5,277.59,Normal
19,Mon,6,293.24,Normal
19,Mon,7,801.68,Normal
19,Mon,8,646.37,Normal
19,Mon,9,731.99,Normal
19,Mon,10,749.3,Normal
19,Mon,11,1012.14,Normal
19,Mon,12,1050.18,Normal
19,Mon,13,1050.08,Normal
19,Mon,14,1022.07,Normal
19,Mon,15,875.94,Normal
19,Mon,16,947.42,Normal
19,Mon,17,963.28,Normal
19,Mon,18,1107.75,Normal
19,Mon,19,1256,Normal
19,Mon,20,1175.43,Normal
19,Mon,21,1487.98,Normal
19,Mon,22,1355.49,Normal
19,Mon,23,1209.98,Normal
19,Tue,0,351.42,Normal
19,Tue,1,349.97,Normal
19,Tue,2,283.47,Normal
19,Tue,3,353.37,Normal
19,Tue,4,270.8,Normal
19,Tue,5,287.56,Normal
19,Tue,6,238.29,Normal
19,Tue,7,708.8,Normal
19,Tue,8,626.88,Normal
19,Tue,9,598.65,Normal
19,Tue,10,675.07,Normal
19,Tue,11,1038.07,Normal
19,Tue,12,849.42,Normal
19,Tue,13,808.05,Normal
19,Tue,14,1001.71,Normal
19,Tue,15,829.87,Normal
19,Tue,16,895.87,Normal
19,Tue,17,879.62,Normal
19,Tue,18,1399.79,Normal
19,Tue,19,1262.52,Normal
19,Tue,20,1594.08,Normal
19,Tue,21,1350.13,Normal
19,Tue,22,1107.84,Normal
19,Tue,23,1332.08,Normal
19,Wed,0,361.46,Normal
19,Wed,1,318.2,Normal
19,Wed,2,311.91,Normal
19,Wed,3,297.43,Normal
19,Wed,4,352.83,Normal
19,Wed,5,305.9,Normal
19,Wed,6,346.16,Normal
19,Wed,7,622.15,Normal
19,Wed,8,812.76,Normal
19,Wed,9,630.68,Normal
19,Wed,10,669.67,Normal
19,Wed,11,942.16,Normal
19,Wed,12,1101.74,Normal
19,Wed,13,800.74,Normal
19,Wed,14,795.62,Normal
19,Wed,15,732.78,Normal
19,Wed,16,849.79,Normal
19,Wed,17,835.74,Normal
19,Wed,18,1156.07,Normal
19,Wed,19,1475.69,Normal
19,Wed,20,1108.66,Normal
19,Wed,21,1254.02,Normal
19,Wed,22,1012.04,Normal
19,Wed,23,1094.3,Normal
19,Thu,0,310.96,Normal
19,Thu,1,283.59,Normal
19,Thu,2,317.76,Normal
19,Thu,3,334.45,Normal
19,Thu,4,253.94,Normal
19,Thu,5,276.93,Normal
19,Thu,6,287.62,Normal
19,Thu,7,758.21,Normal
19,Thu,8,640.69,Normal
19,Thu,9,742.58,Normal
19,Thu,10,752.29,Normal
19,Thu,11,854.24,Normal
19,Thu,12,917,Normal
19,Thu,13,838.43,Normal
19,Thu,14,863.98,Normal
19,Thu,15,972.04,Normal
19,Thu,16,906.69,Normal
19,Thu,17,947.99,Normal
19,Thu,18,1171.82,Normal
19,Thu,19,1069.45,Normal
19,Thu,20,1367.25,Normal
19,Thu,21,1280.11,Normal
19,Thu,22,1219.93,Normal
19,Thu,23,1372.65,Normal
19,Fri,0,251.55,Normal
19,Fri,1,294.42,Normal
19,Fri,2,290.9,Normal
19,Fri,3,358.54,Normal
19,Fri,4,333.05,Normal
19,Fri,5,333.19,Normal
19,Fri,6,350.76,Normal
19,Fri,7,756.7,Normal
19,Fri,8,673.35,Normal
19,Fri,9,638.24,Normal
19,Fri,10,885.75,Normal
19,Fri,11,970.41,Normal
19,Fri,12,903.91,Normal
19,Fri,13,926.06,Normal
19,Fri,14,908.78,Normal
19,Fri,15,900.95,Normal
19,Fri,16,852.93,Normal
19,Fri,17,870.81,Normal
19,Fri,18,1458.43,Normal
19,Fri,19,1152.72,Normal
19,Fri,20,1363.9,Normal
19,Fri,21,1421.74,Normal
19,Fri,22,1307.16,Normal
19,Fri,23,1120.22,Normal
19,Sat,0,536.83,Normal
19,Sat,1,565.45,Normal
19,Sat,2,451.73,Normal
19,Sat,3,503.23,Normal
19,Sat,4,470.76,Normal
19,Sat,5,566.48,Normal
19,Sat,6,452.26,Normal
19,Sat,7,647.5,Normal
19,Sat,8,900.93,Normal
19,Sat,9,705.68,Normal
19,Sat,10,741.67,Normal
19,Sat,11,904.31,Normal
19,Sat,12,1014.04,Normal
19,Sat,13,878.66,Normal
19,Sat,14,1140.88,Normal
19,Sat,15,1126.36,Normal
19,Sat,16,965.09,Normal
19,Sat,17,810.64,Normal
19,Sat,18,1582.59,Normal
19,Sat,19,1376,Normal
19,Sat,20,1599.94,Normal
19,Sat,21,1381.7,Normal
19,Sat,22,1429.93,Normal
19,Sat,23,1622.17,Normal
19,Sun,0,460.07,Normal
19,Sun,1,513.22,Normal
19,Sun,2,478.59,Normal
19,Sun,3,454.43,Normal
19,Sun,4,557.09,Normal
19,Sun,5,422.29,Normal
19,Sun,6,446.1,Normal
19,Sun,7,809.26,Normal
19,Sun,8,811.12,Normal
19,Sun,9,847.63,Normal
19,Sun,10,779.14,Normal
19,Sun,11,893.9,Normal
19,Sun,12,901.05,Normal
19,Sun,13,1053.46,Normal
19,Sun,14,867.01,Normal
19,Sun,15,981.04,Normal
19,Sun,16,1075.82,Normal
19,Sun,17,909.68,Normal
19,Sun,18,1374.4,Normal
19,Sun,19,1188.25,Normal
19,Sun,20,1121.09,Normal
19,Sun,21,1810.56,Normal
19,Sun,22,1286.8,Normal
19,Sun,23,1560.27,Normal
20,Mon,0,317.61,Normal
20,Mon,1,286.01,Normal
20,Mon,2,319.67,Normal
20,Mon,3,345.33,Normal
20,Mon,4,288.14,Normal
20,Mon,5,304.01,Normal
20,Mon,6,284.14,Normal
20,Mon,7,830.65,Normal
20,Mon,8,687.11,Normal
20,Mon,9,692.62,Normal
20,Mon,10,744.31,Normal
20,Mon,11,895.85,Normal
20,Mon,12,1074.49,Normal
20,Mon,13,1053.94,Normal
20,Mon,14,923.6,Normal
20,Mon,15,1001.61,Normal
20,Mon,16,960.8,Normal
20,Mon,17,945.11,Normal
20,Mon,18,1200.94,Normal
20,Mon,19,1371.52,Normal
20,Mon,20,1251.37,Normal
20,Mon,21,1518.97,Normal
20,Mon,22,1371.49,Normal
20,Mon,23,1239.91,Normal
20,Tue,0,356.67,Normal
20,Tue,1,339.13,Normal
20,Tue,2,319.36,Normal
20,Tue,3,366.98,Normal
20,Tue,4,293.61,Normal
20,Tue,5,279.48,Normal
20,Tue,6,250.21,Normal
20,Tue,7,749.21,Normal
20,Tue,8,624.53,Normal
20,Tue,9,546.13,Normal
20,Tue,10,614.29,Normal
20,Tue,11,966.34,Normal
20,Tue,12,908.85,Normal
20,Tue,13,796.31,Normal
20,Tue,14,1124.44,Normal
20,Tue,15,814.04,Normal
20,Tue,16,808.84,Normal
20,Tue,17,876.88,Normal
20,Tue,18,1363.18,Normal
20,Tue,19,1188.03,Normal
20,Tue,20,1464.12,Normal
20,Tue,21,1178.62,Normal
20,Tue,22,1240.29,Normal
20,Tue,23,1178.85,Normal
20,Wed,0,345.75,Normal
20,Wed,1,307.35,Normal
20,Wed,2,269.01,Normal
20,Wed,3,296.29,Normal
20,Wed,4,304.16,Normal
20,Wed,5,322.27,Normal
20,Wed,6,308.43,Normal
20,Wed,7,644.57,Normal
20,Wed,8,817.2,Normal
20,Wed,9,620.26,Normal
20,Wed,10,724.11,Normal
20,Wed,11,949.88,Normal
20,Wed,12,958.59,Normal
20,Wed,13,794.22,Normal
20,Wed,14,880.96,Normal
20,Wed,15,830.2,Normal
20,Wed,16,901.65,Normal
20,Wed,17,813.18,Normal
20,Wed,18,1215.35,Normal
20,Wed,19,1445.53,Normal
20,Wed,20,1317.73,Normal
20,Wed,21,1255.43,Normal
20,Wed,22,1119.87,Normal
20,Wed,23,1238.95,Normal
20,Thu,0,364.99,Normal
20,Thu,1,274.94,Normal
20,Thu,2,311.86,Normal
20,Thu,3,287.96,Normal
20,Thu,4,299.79,Normal
20,Thu,5,317.53,Normal
20,Thu,6,300.07,Normal
20,Thu,7,832.68,Normal
20,Thu,8,691.1,Normal
20,Thu,9,785.6,Normal
20,Thu,10,707.81,Normal
20,Thu,11,931.76,Normal
20,Thu,12,911.43,Normal
20,Thu,13,791.39,Normal
20,Thu,14,906.3,Normal
20,Thu,15,1012.22,Normal
20,Thu,16,848.83,Normal
20,Thu,17,1008.09,Normal
20,Thu,18,1209.76,Normal
20,Thu,19,1177.7,Normal
20,Thu,20,1562.39,Normal
20,Thu,21,1278.25,Normal
20,Thu,22,1235.02,Normal
20,Thu,23,1370.56,Normal
20,Fri,0,240,Normal
20,Fri,1,327.86,Normal
20,Fri,2,262.41,Normal
20,Fri,3,314.38,Normal
20,Fri,4,288.24,Normal
20,Fri,5,360.19,Normal
20,Fri,6,315.43,Normal
20,Fri,7,782.89,Normal
20,Fri,8,669.38,Normal
20,Fri,9,622.16,Normal
20,Fri,10,869.72,Normal
20,Fri,11,998.49,Normal
20,Fri,12,979.8,Normal
20,Fri,13,895.53,Normal
20,Fri,14,1043.39,Normal
20,Fri,15,855.91,Normal
20,Fri,16,848.12,Normal
20,Fri,17,882.97,Normal
20,Fri,18,1258.66,Normal
20,Fri,19,1290.22,Normal
20,Fri,20,1391.47,Normal
20,Fri,21,1378.12,Normal
20,Fri,22,1356.94,Normal
20,Fri,23,1126.76,Normal
20,Sat,0,529.33,Normal
20,Sat,1,662.41,Normal
20,Sat,2,475.52,Normal
20,Sat,3,539.98,Normal
20,Sat,4,493.85,Normal
20,Sat,5,554.32,Normal
20,Sat,6,415.38,Normal
20,Sat,7,708.99,Normal
20,Sat,8,1016.59,Normal
20,Sat,9,668.72,Normal
20,Sat,10,811.45,Normal
20,Sat,11,903.43,Normal
20,Sat,12,951.89,Normal
20,Sat,13,968.67,Normal
20,Sat,14,1138.82,Normal
20,Sat,15,975.49,Normal
20,Sat,16,1021.95,Normal
20,Sat,17,953.78,Normal
20,Sat,18,1333.51,Normal
20,Sat,19,1378.3,Normal
20,Sat,20,1836.59,Normal
20,Sat,21,1662.84,Normal
20,Sat,22,1541.05,Normal
20,Sat,23,1748.93,Normal
20,Sun,0,508.47,Normal
20,Sun,1,575.61,Normal
20,Sun,2,502.54,Normal
20,Sun,3,453.79,Normal
20,Sun,4,478.12,Normal
20,Sun,5,462.38,Normal
20,Sun,6,494.76,Normal
20,Sun,7,852.31,Normal
20,Sun,8,765.45,Normal
20,Sun,9,832.29,Normal
20,Sun,10,824.38,Normal
20,Sun,11,882.98,Normal
20,Sun,12,905.32,Normal
20,Sun,13,1072.13,Normal
20,Sun,14,874.96,Normal
20,Sun,15,901.31,Normal
20,Sun,16,1023.24,Normal
20,Sun,17,1036.71,Normal
20,Sun,18,1393.46,Normal
20,Sun,19,1177.52,Normal
20,Sun,20,1058.74,Normal
20,Sun,21,1641.59,Normal
20,Sun,22,1377.35,Normal
20,Sun,23,1649.77,Normal
21,Mon,0,672.81,Exams
21,Mon,1,536.23,Exams
21,Mon,2,702.17,Exams
21,Mon,3,657.58,Exams
21,Mon,4,643.05,Exams
21,Mon,5,367.64,Exams
21,Mon,6,375.31,Exams
21,Mon,7,1151.1,Exams
21,Mon,8,897.63,Exams
21,Mon,9,1014.1,Exams
21,Mon,10,1113.39,Exams
21,Mon,11,1107.97,Exams
21,Mon,12,1346.71,Exams
21,Mon,13,1366.97,Exams
21,Mon,14,1309.32,Exams
21,Mon,15,1296.35,Exams
21,Mon,16,1223.38,Exams
21,Mon,17,1255.12,Exams
21,Mon,18,1313.05,Exams
21,Mon,19,1738.9,Exams
21,Mon,20,1601.12,Exams
21,Mon,21,1765.11,Exams
21,Mon,22,1734.46,Exams
21,Mon,23,1681,Exams
21,Tue,0,647.01,Exams
21,Tue,1,677,Exams
21,Tue,2,517.79,Exams
21,Tue,3,665.95,Exams
21,Tue,4,504.84,Exams
21,Tue,5,421.74,Exams
21,Tue,6,294.45,Exams
21,Tue,7,985.9,Exams
21,Tue,8,905.43,Exams
21,Tue,9,736.54,Exams
21,Tue,10,910.28,Exams
21,Tue,11,1244.51,Exams
21,Tue,12,1250.52,Exams
21,Tue,13,1131.12,Exams
21,Tue,14,1420.94,Exams
21,Tue,15,1081.63,Exams
21,Tue,16,989.22,Exams
21,Tue,17,1007.95,Exams
21,Tue,18,1580.5,Exams
21,Tue,19,1633.09,Exams
21,Tue,20,2103.63,Exams
21,Tue,21,1497.98,Exams
21,Tue,22,1551.07,Exams
21,Tue,23,1488.77,Exams
21,Wed,0,714.02,Exams
21,Wed,1,630.86,Exams
21,Wed,2,552.36,Exams
21,Wed,3,550.52,Exams
21,Wed,4,640.53,Exams
21,Wed,5,469.81,Exams
21,Wed,6,383.82,Exams
21,Wed,7,878.05,Exams
21,Wed,8,983.7,Exams
21,Wed,9,868.64,Exams
21,Wed,10,904.45,Exams
21,Wed,11,1075.88,Exams
21,Wed,12,1276.27,Exams
21,Wed,13,1217.86,Exams
21,Wed,14,1061.21,Exams
21,Wed,15,1113.41,Exams
21,Wed,16,1120.83,Exams
21,Wed,17,1065.58,Exams
21,Wed,18,1518.39,Exams
21,Wed,19,1907.28,Exams
21,Wed,20,1690.31,Exams
21,Wed,21,1562.91,Exams
21,Wed,22,1325.42,Exams
21,Wed,23,1529.77,Exams
21,Thu,0,586.66,Exams
21,Thu,1,607.1,Exams
21,Thu,2,610.28,Exams
21,Thu,3,601.69,Exams
21,Thu,4,545.17,Exams
21,Thu,5,382.09,Exams
21,Thu,6,341.66,Exams
21,Thu,7,981.03,Exams
21,Thu,8,821.4,Exams
21,Thu,9,939.23,Exams
21,Thu,10,948.87,Exams
21,Thu,11,1216.87,Exams
21,Thu,12,1357.81,Exams
21,Thu,13,964.4,Exams
21,Thu,14,1251.17,Exams
21,Thu,15,1240.61,Exams
21,Thu,16,1111.85,Exams
21,Thu,17,1288.13,Exams
21,Thu,18,1644.89,Exams
21,Thu,19,1346.85,Exams
21,Thu,20,1689.51,Exams
21,Thu,21,1482.61,Exams
21,Thu,22,1468.76,Exams
21,Thu,23,1781.4,Exams
21,Fri,0,514.94,Exams
21,Fri,1,555,Exams
21,Fri,2,512.98,Exams
21,Fri,3,593.47,Exams
21,Fri,4,650.82,Exams
21,Fri,5,434.37,Exams
21,Fri,6,461.44,Exams
21,Fri,7,926.69,Exams
21,Fri,8,923.82,Exams
21,Fri,9,796.39,Exams
21,Fri,10,995.57,Exams
21,Fri,11,1108.75,Exams
21,Fri,12,1160.15,Exams
21,Fri,13,1309.73,Exams
21,Fri,14,1412.43,Exams
21,Fri,15,989.12,Exams
21,Fri,16,939.21,Exams
21,Fri,17,1218.17,Exams
21,Fri,18,1774.7,Exams
21,Fri,19,1721.51,Exams
21,Fri,20,1632.33,Exams
21,Fri,21,1602.98,Exams
21,Fri,22,1759.81,Exams
21,Fri,23,1504.33,Exams
21,Sat,0,980.43,Exams
21,Sat,1,1277.88,Exams
21,Sat,2,964.39,Exams
21,Sat,3,924.5,Exams
21,Sat,4,826.11,Exams
21,Sat,5,770.13,Exams
21,Sat,6,536.02,Exams
21,Sat,7,839.39,Exams
21,Sat,8,1307.02,Exams
21,Sat,9,937.02,Exams
21,Sat,10,1116.9,Exams
21,Sat,11,1112.12,Exams
21,Sat,12,1196.8,Exams
21,Sat,13,1246.98,Exams
21,Sat,14,1463.69,Exams
21,Sat,15,1416.93,Exams
21,Sat,16,1231.27,Exams
21,Sat,17,1058.92,Exams
21,Sat,18,1971.15,Exams
21,Sat,19,1805.61,Exams
21,Sat,20,2358.46,Exams
21,Sat,21,2039.51,Exams
21,Sat,22,1944.54,Exams
21,Sat,23,2447.46,Exams
21,Sun,0,844.72,Exams
21,Sun,1,971.48,Exams
21,Sun,2,975.08,Exams
21,Sun,3,983.09,Exams
21,Sun,4,1066.7,Exams
21,Sun,5,556.43,Exams
21,Sun,6,613.21,Exams
21,Sun,7,968.45,Exams
21,Sun,8,967.65,Exams
21,Sun,9,1210.71,Exams
21,Sun,10,967.85,Exams
21,Sun,11,1350.86,Exams
21,Sun,12,1048.78,Exams
21,Sun,13,1354.65,Exams
21,Sun,14,1245.17,Exams
21,Sun,15,1388.93,Exams
21,Sun,16,1334.77,Exams
21,Sun,17,1360.33,Exams
21,Sun,18,1747.77,Exams
21,Sun,19,1573.8,Exams
21,Sun,20,1478.64,Exams
21,Sun,21,2320.45,Exams
21,Sun,22,1630.15,Exams
21,Sun,23,2083.45,Exams
22,Mon,0,587.15,Exams
22,Mon,1,605.95,Exams
22,Mon,2,636.46,Exams
22,Mon,3,702.69,Exams
22,Mon,4,626.74,Exams
22,Mon,5,393.35,Exams
22,Mon,6,409.63,Exams
22,Mon,7,1127.49,Exams
22,Mon,8,867.04,Exams
22,Mon,9,1004.42,Exams
22,Mon,10,1089,Exams
22,Mon,11,1116.65,Exams
22,Mon,12,1392.34,Exams
22,Mon,13,1208.64,Exams
22,Mon,14,1233.16,Exams
22,Mon,15,1250.95,Exams
22,Mon,16,1080.16,Exams
22,Mon,17,1247.97,Exams
22,Mon,18,1502.13,Exams
22,Mon,19,1622.09,Exams
22,Mon,20,1459.93,Exams
22,Mon,21,1900.59,Exams
22,Mon,22,1572.91,Exams
22,Mon,23,1573.73,Exams
22,Tue,0,645.04,Exams
22,Tue,1,671.58,Exams
22,Tue,2,608.29,Exams
22,Tue,3,633.05,Exams
22,Tue,4,521.66,Exams
22,Tue,5,376.72,Exams
22,Tue,6,334.1,Exams
22,Tue,7,985.16,Exams
22,Tue,8,877.57,Exams
22,Tue,9,669.12,Exams
22,Tue,10,928.87,Exams
22,Tue,11,1268.08,Exams
22,Tue,12,1097.67,Exams
22,Tue,13,1177.8,Exams
22,Tue,14,1271.1,Exams
22,Tue,15,988.7,Exams
22,Tue,16,1007.53,Exams
22,Tue,17,1121.48,Exams
22,Tue,18,1530.26,Exams
22,Tue,19,1504.34,Exams
22,Tue,20,2185.81,Exams
22,Tue,21,1563.14,Exams
22,Tue,22,1402.94,Exams
22,Tue,23,1667.53,Exams
22,Wed,0,638.54,Exams
22,Wed,1,566.77,Exams
22,Wed,2,568.85,Exams
22,Wed,3,630.83,Exams
22,Wed,4,672.43,Exams
22,Wed,5,444.68,Exams
22,Wed,6,425.09,Exams
22,Wed,7,843.03,Exams
22,Wed,8,901.24,Exams
22,Wed,9,800.01,Exams
22,Wed,10,959.48,Exams
22,Wed,11,1156.65,Exams
22,Wed,12,1379.55,Exams
22,Wed,13,1082.49,Exams
22,Wed,14,1185.7,Exams
22,Wed,15,1124.58,Exams
22,Wed,16,1232.04,Exams
22,Wed,17,1135.94,Exams
22,Wed,18,1519.2,Exams
22,Wed,19,1722.03,Exams
22,Wed,20,1665.69,Exams
22,Wed,21,1564.08,Exams
22,Wed,22,1461.85,Exams
22,Wed,23,1396.6,Exams
22,Thu,0,713.71,Exams
22,Thu,1,574.68,Exams
22,Thu,2,660.89,Exams
22,Thu,3,612.06,Exams
22,Thu,4,567.93,Exams
22,Thu,5,340.45,Exams
22,Thu,6,349.48,Exams
22,Thu,7,1076.82,Exams
22,Thu,8,854.12,Exams
22,Thu,9,869.39,Exams
22,Thu,10,1072.9,Exams
22,Thu,11,1177.78,Exams
22,Thu,12,1174.87,Exams
22,Thu,13,981.19,Exams
22,Thu,14,1126.95,Exams
22,Thu,15,1144.27,Exams
22,Thu,16,1131.5,Exams
22,Thu,17,1122.51,Exams
22,Thu,18,1810.66,Exams
22,Thu,19,1347.67,Exams
22,Thu,20,1876.38,Exams
22,Thu,21,1737.84,Exams
22,Thu,22,1599.65,Exams
22,Thu,23,1616.85,Exams
22,Fri,0,559.07,Exams
22,Fri,1,551.48,Exams
22,Fri,2,607.64,Exams
22,Fri,3,647.51,Exams
22,Fri,4,613.52,Exams
22,Fri,5,450.64,Exams
22,Fri,6,383.95,Exams
22,Fri,7,895.26,Exams
22,Fri,8,981.31,Exams
22,Fri,9,914.85,Exams
22,Fri,10,1121.58,Exams
22,Fri,11,1133.68,Exams
22,Fri,12,1100.31,Exams
22,Fri,13,1264.02,Exams
22,Fri,14,1257.96,Exams
22,Fri,15,1058.3,Exams
22,Fri,16,1139.89,Exams
22,Fri,17,1262.61,Exams
22,Fri,18,1830.6,Exams
22,Fri,19,1456.21,Exams
22,Fri,20,1700.21,Exams
22,Fri,21,1819.84,Exams
22,Fri,22,1533.23,Exams
22,Fri,23,1511.8,Exams
22,Sat,0,958.57,Exams
22,Sat,1,1294.15,Exams
22,Sat,2,823.81,Exams
22,Sat,3,942.91,Exams
22,Sat,4,888.13,Exams
22,Sat,5,709.98,Exams
22,Sat,6,586.46,Exams
22,Sat,7,828.38,Exams
22,Sat,8,1262.77,Exams
22,Sat,9,980.58,Exams
22,Sat,10,1026.53,Exams
22,Sat,11,1302.23,Exams
22,Sat,12,1224.44,Exams
22,Sat,13,1158.55,Exams
22,Sat,14,1593.54,Exams
22,Sat,15,1295.65,Exams
22,Sat,16,1196.02,Exams
22,Sat,17,1068.69,Exams
22,Sat,18,1766.43,Exams
22,Sat,19,1955.32,Exams
22,Sat,20,2162.11,Exams
22,Sat,21,1909.17,Exams
22,Sat,22,1878.92,Exams
22,Sat,23,2095.99,Exams
22,Sun,0,877.55,Exams
22,Sun,1,1062.45,Exams
22,Sun,2,1052.47,Exams
22,Sun,3,925.7,Exams
22,Sun,4,957.12,Exams
22,Sun,5,645.82,Exams
22,Sun,6,629.42,Exams
22,Sun,7,1093.84,Exams
22,Sun,8,959.11,Exams
22,Sun,9,1313.96,Exams
22,Sun,10,1007.75,Exams
22,Sun,11,1267.65,Exams
22,Sun,12,1219.66,Exams
22,Sun,13,1325.08,Exams
22,Sun,14,1284.31,Exams
22,Sun,15,1295.62,Exams
22,Sun,16,1199.38,Exams
22,Sun,17,1244.52,Exams
22,Sun,18,1730.02,Exams
22,Sun,19,1555.98,Exams
22,Sun,20,1509.51,Exams
22,Sun,21,2381.55,Exams
22,Sun,22,1656.23,Exams
22,Sun,23,2047.69,Exams
23,Mon,0,30.19,Post-Exam
23,Mon,1,30.27,Post-Exam
23,Mon,2,36.85,Post-Exam
23,Mon,3,37.11,Post-Exam
23,Mon,4,29.5,Post-Exam
23,Mon,5,28.08,Post-Exam
23,Mon,6,32.91,Post-Exam
23,Mon,7,90.31,Post-Exam
23,Mon,8,62.15,Post-Exam
23,Mon,9,78.47,Post-Exam
23,Mon,10,75.33,Post-Exam
23,Mon,11,101.91,Post-Exam
23,Mon,12,94.91,Post-Exam
23,Mon,13,98.28,Post-Exam
23,Mon,14,102.46,Post-Exam
23,Mon,15,99.83,Post-Exam
23,Mon,16,87.01,Post-Exam
23,Mon,17,92.01,Post-Exam
23,Mon,18,116.37,Post-Exam
23,Mon,19,145.38,Post-Exam
23,Mon,20,126.63,Post-Exam
23,Mon,21,156.18,Post-Exam
23,Mon,22,133.25,Post-Exam
23,Mon,23,146.58,Post-Exam
23,Tue,0,38.31,Post-Exam
23,Tue,1,34.92,Post-Exam
23,Tue,2,28.63,Post-Exam
23,Tue,3,31.07,Post-Exam
23,Tue,4,30.95,Post-Exam
23,Tue,5,28.05,Post-Exam
23,Tue,6,24.45,Post-Exam
23,Tue,7,83.06,Post-Exam
23,Tue,8,59.73,Post-Exam
23,Tue,9,56.31,Post-Exam
23,Tue,10,63.3,Post-Exam
23,Tue,11,99.54,Post-Exam
23,Tue,12,96.91,Post-Exam
23,Tue,13,89.69,Post-Exam
23,Tue,14,104.12,Post-Exam
23,Tue,15,91.44,Post-Exam
23,Tue,16,82.34,Post-Exam
23,Tue,17,84.41,Post-Exam
23,Tue,18,123.51,Post-Exam
23,Tue,19,115.97,Post-Exam
23,Tue,20,166.86,Post-Exam
23,Tue,21,132.37,Post-Exam
23,Tue,22,105.86,Post-Exam
23,Tue,23,134.85,Post-Exam
23,Wed,0,37.87,Post-Exam
23,Wed,1,29.81,Post-Exam
23,Wed,2,29.55,Post-Exam
23,Wed,3,30.5,Post-Exam
23,Wed,4,29.76,Post-Exam
23,Wed,5,33.39,Post-Exam
23,Wed,6,30.51,Post-Exam
23,Wed,7,61.78,Post-Exam
23,Wed,8,72.38,Post-Exam
23,Wed,9,64.07,Post-Exam
23,Wed,10,76.56,Post-Exam
23,Wed,11,87.87,Post-Exam
23,Wed,12,99.53,Post-Exam
23,Wed,13,86.53,Post-Exam
23,Wed,14,94.38,Post-Exam
23,Wed,15,87.63,Post-Exam
23,Wed,16,81.26,Post-Exam
23,Wed,17,94.39,Post-Exam
23,Wed,18,125.42,Post-Exam
23,Wed,19,138.15,Post-Exam
23,Wed,20,131.72,Post-Exam
23,Wed,21,125.39,Post-Exam
23,Wed,22,104.8,Post-Exam
23,Wed,23,109.09,Post-Exam
23,Thu,0,31.57,Post-Exam
23,Thu,1,30.87,Post-Exam
23,Thu,2,31.3,Post-Exam
23,Thu,3,29.9,Post-Exam
23,Thu,4,29.98,Post-Exam
23,Thu,5,27.27,Post-Exam
23,Thu,6,26.07,Post-Exam
23,Thu,7,72.84,Post-Exam
23,Thu,8,61.7,Post-Exam
23,Thu,9,70.59,Post-Exam
23,Thu,10,70.58,Post-Exam
23,Thu,11,100.35,Post-Exam
23,Thu,12,106.13,Post-Exam
23,Thu,13,78.09,Post-Exam
23,Thu,14,97.51,Post-Exam
23,Thu,15,97.51,Post-Exam
23,Thu,16,80.63,Post-Exam
23,Thu,17,96.91,Post-Exam
23,Thu,18,127.52,Post-Exam
23,Thu,19,112.77,Post-Exam
23,Thu,20,143.48,Post-Exam
23,Thu,21,128.75,Post-Exam
23,Thu,22,114.37,Post-Exam
23,Thu,23,130.27,Post-Exam
23,Fri,0,24.38,Post-Exam
23,Fri,1,28.62,Post-Exam
23,Fri,2,27.39,Post-Exam
23,Fri,3,30.65,Post-Exam
23,Fri,4,31.93,Post-Exam
23,Fri,5,34.68,Post-Exam
23,Fri,6,35,Post-Exam
23,Fri,7,76.8,Post-Exam
23,Fri,8,77.8,Post-Exam
23,Fri,9,67.01,Post-Exam
23,Fri,10,80.1,Post-Exam
23,Fri,11,84.87,Post-Exam
23,Fri,12,84.53,Post-Exam
23,Fri,13,94.52,Post-Exam
23,Fri,14,90.45,Post-Exam
23,Fri,15,83.75,Post-Exam
23,Fri,16,75.06,Post-Exam
23,Fri,17,97.6,Post-Exam
23,Fri,18,144.45,Post-Exam
23,Fri,19,132.63,Post-Exam
23,Fri,20,144.82,Post-Exam
23,Fri,21,141.96,Post-Exam
23,Fri,22,127.76,Post-Exam
23,Fri,23,113.94,Post-Exam
23,Sat,0,46.63,Post-Exam
23,Sat,1,60.1,Post-Exam
23,Sat,2,46.04,Post-Exam
23,Sat,3,51.68,Post-Exam
23,Sat,4,45.19,Post-Exam
23,Sat,5,49.1,Post-Exam
23,Sat,6,42.12,Post-Exam
23,Sat,7,67,Post-Exam
23,Sat,8,91.6,Post-Exam
23,Sat,9,71.46,Post-Exam
23,Sat,10,85.38,Post-Exam
23,Sat,11,92.37,Post-Exam
23,Sat,12,106.79,Post-Exam
23,Sat,13,93.76,Post-Exam
23,Sat,14,115.89,Post-Exam
23,Sat,15,101.33,Post-Exam
23,Sat,16,100.82,Post-Exam
23,Sat,17,92.92,Post-Exam
23,Sat,18,146.48,Post-Exam
23,Sat,19,144.14,Post-Exam
23,Sat,20,187.86,Post-Exam
23,Sat,21,162.05,Post-Exam
23,Sat,22,133.95,Post-Exam
23,Sat,23,169.51,Post-Exam
23,Sun,0,43.42,Post-Exam
23,Sun,1,53.15,Post-Exam
23,Sun,2,55.74,Post-Exam
23,Sun,3,43.41,Post-Exam
23,Sun,4,53.88,Post-Exam
23,Sun,5,44.84,Post-Exam
23,Sun,6,44.9,Post-Exam
23,Sun,7,75.32,Post-Exam
23,Sun,8,75,Post-Exam
23,Sun,9,90.72,Post-Exam
23,Sun,10,80.14,Post-Exam
23,Sun,11,88.76,Post-Exam
23,Sun,12,85.2,Post-Exam
23,Sun,13,115.56,Post-Exam
23,Sun,14,99.91,Post-Exam
23,Sun,15,108.24,Post-Exam
23,Sun,16,103.43,Post-Exam
23,Sun,17,107.47,Post-Exam
23,Sun,18,142.03,Post-Exam
23,Sun,19,133.64,Post-Exam
23,Sun,20,108.57,Post-Exam
23,Sun,21,155.57,Post-Exam
23,Sun,22,143.3,Post-Exam
23,Sun,23,157.67,Post-Exam
24,Mon,0,33.07,Post-Exam
24,Mon,1,26.33,Post-Exam
24,Mon,2,35.35,Post-Exam
24,Mon,3,33.84,Post-Exam
24,Mon,4,28.16,Post-Exam
24,Mon,5,26.82,Post-Exam
24,Mon,6,31.96,Post-Exam
24,Mon,7,83.96,Post-Exam
24,Mon,8,64.51,Post-Exam
24,Mon,9,74.56,Post-Exam
24,Mon,10,71.86,Post-Exam
24,Mon,11,91.69,Post-Exam
24,Mon,12,99.58,Post-Exam
24,Mon,13,96.7,Post-Exam
24,Mon,14,99.33,Post-Exam
24,Mon,15,103.46,Post-Exam
24,Mon,16,82.59,Post-Exam
24,Mon,17,84.46,Post-Exam
24,Mon,18,119.56,Post-Exam
24,Mon,19,133.41,Post-Exam
24,Mon,20,124.75,Post-Exam
24,Mon,21,148.38,Post-Exam
24,Mon,22,129.85,Post-Exam
24,Mon,23,143.01,Post-Exam
24,Tue,0,32.98,Post-Exam
24,Tue,1,33.06,Post-Exam
24,Tue,2,27.57,Post-Exam
24,Tue,3,30.58,Post-Exam
24,Tue,4,28.01,Post-Exam
24,Tue,5,30.57,Post-Exam
24,Tue,6,22.44,Post-Exam
24,Tue,7,78.04,Post-Exam
24,Tue,8,65.78,Post-Exam
24,Tue,9,52.09,Post-Exam
24,Tue,10,62.65,Post-Exam
24,Tue,11,88.09,Post-Exam
24,Tue,12,88.2,Post-Exam
24,Tue,13,83.02,Post-Exam
24,Tue,14,112.43,Post-Exam
24,Tue,15,90.54,Post-Exam
24,Tue,16,81.37,Post-Exam
24,Tue,17,80.31,Post-Exam
24,Tue,18,130.89,Post-Exam
24,Tue,19,106.76,Post-Exam
24,Tue,20,151.69,Post-Exam
24,Tue,21,127.25,Post-Exam
24,Tue,22,116.05,Post-Exam
24,Tue,23,118.88,Post-Exam
24,Wed,0,37.27,Post-Exam
24,Wed,1,29.52,Post-Exam
24,Wed,2,29.59,Post-Exam
24,Wed,3,29.95,Post-Exam
24,Wed,4,32.79,Post-Exam
24,Wed,5,34.93,Post-Exam
24,Wed,6,32.82,Post-Exam
24,Wed,7,60.87,Post-Exam
24,Wed,8,77.47,Post-Exam
24,Wed,9,61.84,Post-Exam
24,Wed,10,75.41,Post-Exam
24,Wed,11,92.19,Post-Exam
24,Wed,12,97.51,Post-Exam
24,Wed,13,92.47,Post-Exam
24,Wed,14,89.81,Post-Exam
24,Wed,15,80.25,Post-Exam
24,Wed,16,78.89,Post-Exam
24,Wed,17,94.75,Post-Exam
24,Wed,18,130.06,Post-Exam
24,Wed,19,124.82,Post-Exam
24,Wed,20,110.75,Post-Exam
24,Wed,21,123.9,Post-Exam
24,Wed,22,118.3,Post-Exam
24,Wed,23,128.69,Post-Exam
24,Thu,0,31.37,Post-Exam
24,Thu,1,30.35,Post-Exam
24,Thu,2,31.3,Post-Exam
24,Thu,3,31.97,Post-Exam
24,Thu,4,28.87,Post-Exam
24,Thu,5,28.16,Post-Exam
24,Thu,6,26.08,Post-Exam
24,Thu,7,79.76,Post-Exam
24,Thu,8,66.52,Post-Exam
24,Thu,9,67.83,Post-Exam
24,Thu,10,81.74,Post-Exam
24,Thu,11,99.86,Post-Exam
24,Thu,12,102.39,Post-Exam
24,Thu,13,71.74,Post-Exam
24,Thu,14,98.72,Post-Exam
24,Thu,15,84.73,Post-Exam
24,Thu,16,78.27,Post-Exam
24,Thu,17,90.68,Post-Exam
24,Thu,18,124.74,Post-Exam
24,Thu,19,121.5,Post-Exam
24,Thu,20,146.82,Post-Exam
24,Thu,21,129.17,Post-Exam
24,Thu,22,116,Post-Exam
24,Thu,23,124.42,Post-Exam
24,Fri,0,28.24,Post-Exam
24,Fri,1,33.8,Post-Exam
24,Fri,2,30.26,Post-Exam
24,Fri,3,33.05,Post-Exam
24,Fri,4,33.66,Post-Exam
24,Fri,5,31.61,Post-Exam
24,Fri,6,31.39,Post-Exam
24,Fri,7,75.89,Post-Exam
24,Fri,8,74.13,Post-Exam
24,Fri,9,61.19,Post-Exam
24,Fri,10,82.82,Post-Exam
24,Fri,11,93.07,Post-Exam
24,Fri,12,87.12,Post-Exam
24,Fri,13,98.48,Post-Exam
24,Fri,14,93.64,Post-Exam
24,Fri,15,87.2,Post-Exam
24,Fri,16,83.8,Post-Exam
24,Fri,17,94.11,Post-Exam
24,Fri,18,141.1,Post-Exam
24,Fri,19,122.69,Post-Exam
24,Fri,20,123.8,Post-Exam
24,Fri,21,133.7,Post-Exam
24,Fri,22,125.56,Post-Exam
24,Fri,23,112.01,Post-Exam
24,Sat,0,49.73,Post-Exam
24,Sat,1,59.37,Post-Exam
24,Sat,2,45.01,Post-Exam
24,Sat,3,53.18,Post-Exam
24,Sat,4,42.64,Post-Exam
24,Sat,5,54.24,Post-Exam
24,Sat,6,41.94,Post-Exam
24,Sat,7,71.63,Post-Exam
24,Sat,8,102.55,Post-Exam
24,Sat,9,65.97,Post-Exam
24,Sat,10,77.78,Post-Exam
24,Sat,11,97.08,Post-Exam
24,Sat,12,111.19,Post-Exam
24,Sat,13,84.06,Post-Exam
24,Sat,14,125.51,Post-Exam
24,Sat,15,104.52,Post-Exam
24,Sat,16,96.09,Post-Exam
24,Sat,17,85.69,Post-Exam
24,Sat,18,142.05,Post-Exam
24,Sat,19,162.62,Post-Exam
24,Sat,20,191.33,Post-Exam
24,Sat,21,166.84,Post-Exam
24,Sat,22,150.44,Post-Exam
24,Sat,23,168.37,Post-Exam
24,Sun,0,50.89,Post-Exam
24,Sun,1,57.6,Post-Exam
24,Sun,2,58.29,Post-Exam
24,Sun,3,52.01,Post-Exam
24,Sun,4,47.77,Post-Exam
24,Sun,5,48.24,Post-Exam
24,Sun,6,52.14,Post-Exam
24,Sun,7,80.45,Post-Exam
24,Sun,8,76.83,Post-Exam
24,Sun,9,83.45,Post-Exam
24,Sun,10,83.64,Post-Exam
24,Sun,11,95.18,Post-Exam
24,Sun,12,84.5,Post-Exam
24,Sun,13,112.61,Post-Exam
24,Sun,14,91.25,Post-Exam
24,Sun,15,102.96,Post-Exam
24,Sun,16,107.67,Post-Exam
24,Sun,17,93.59,Post-Exam
24,Sun,18,129,Post-Exam
24,Sun,19,119.1,Post-Exam
24,Sun,20,113.52,Post-Exam
24,Sun,21,155.03,Post-Exam
24,Sun,22,150.19,Post-Exam
24,Sun,23,153.51,Post-Exam
